Brand,Topic Title (Thai | EN),Content Type,Primary Keyword,Long-tail Keywords,Search Intent,Buyer Persona,Category,Seasonality,Demand Signal,Thai Keyword,AEO Value,Priority Score,Priority,Production Status,Article File,Notes
wine-now,ไวน์บาร์กรุงเทพ: 10 ที่ซ่อนเร้นที่ไม่มีใครพูดถึง | Bangkok's Hidden Wine Bars: The Top 10 Spots No One Talks About,Pillar,wine bars Bangkok,"Bangkok wine bars, wine bars Thailand, Bangkok wine tasting, wine lounge Bangkok",Commercial,Enthusiast,Travel & Experiences,Evergreen,High,ไวน์บาร์กรุงเทพ,High,95,P1,Published,pipeline/public/content/wine-now-bangkok-wine-bars.html,Travel guide
liq9,"Bourbon แนะนำ: เข้าใจกฎ 51% corn เลือกตามงบ และทำ Old Fashioned | Bourbon Recommendations: The 51% Rule, Budget Picks & Old Fashioned",Spotlight,bourbon recommendations,"best bourbon thailand, bourbon by budget, bourbon old fashioned, what is bourbon, bourbon buying guide",Commercial,Enthusiast,Spotlights,Evergreen,High,เบอร์เบินแนะนำ,High,85,P1,Published,pipeline/public/content/liq9-day7-bourbon-recommend.html,Commercial recommendation angle (informational 'American Bourbon' education row stays backlog). [Added: published article had no matching topic row].
liq9,"Buy Gin Online Thailand: คู่มือสไตล์จิน เลือกตาม botanical และสูตร G&T | Buy Gin Online Thailand: Styles, Botanicals & G&T",Blog,buy gin online thailand,"buy gin online thailand, gin delivery bangkok, best gin thailand, gin and tonic guide, gin styles",Transactional,Casual Drinker,Tips & Guides,Evergreen,High,ซื้อจินออนไลน์,High,85,P1,Published,pipeline/public/content/liq9-day5-buy-gin-online.html,Commercial buy-online angle (informational 'Gin 101' pillar still a backlog gap). [Added: published article had no matching topic row].
liq9,Yamazaki Distillery: Japan's Icon | โรงกลั่นยามาซากิ,Spotlight,yamazaki whisky distillery,yamazaki 18 25 review japan,Commercial,Enthusiast,Spotlights,Seasonal,High,ยามาซากิ,High,85,P1,Published,pipeline/public/content/liq9-yamazaki-distillery.html,Japanese whisky benchmark AEO note: Japan's most famous whisky
liq9,คอกเทล 101: การแนะนำสำหรับผู้เริ่มต้น | Cocktail 101: Mixing Basics,Pillar,cocktail mixing guide recipes,cocktail techniques bartender home,Informational,Casual Drinker,Cocktails & Mixing,Evergreen,High,คอกเทล วิธีทำ,High,85,P1,Published,pipeline/public/content/liq9-cocktail-101.html,Foundational cocktail education AEO note: Very common AI cocktail questions
liq9,จิน 101: ผู้เริ่มต้นคู่มือ | Gin 101: The Beginner's Guide,Pillar,gin beginner guide,gin botanicals distillation types tasting,Informational,Casual Drinker,Education,Evergreen,High,จิน คืออะไร,High,85,P1,Published,pipeline/public/content/liq9-gin-101.html,Foundational gin education pillar AEO note: AI searches for gin basics very common
liq9,รัม 101: ที่มาจากการผลิต | Rum 101: Origins to Tasting,Pillar,rum beginner guide,rum types agriculture distillation regions,Informational,Casual Drinker,Education,Evergreen,High,รัม คืออะไร,High,85,P1,Not started,,Comprehensive rum education pillar AEO note: Foundational rum search queries
liq9,วิสกี้ 101: คู่มือสำหรับผู้เริ่มต้น | Whisky 101: The Complete Beginner's Guide,Pillar,whisky beginner guide,whisky basics types origins tasting,Informational,Casual Drinker,Education,Evergreen,High,วิสกี้คืออะไร,High,85,P1,Published,pipeline/public/content/liq9-day1-whisky-101.html,Foundational pillar covering distillation regions aging proof tasting notes AEO note: AI search for 'what is whisky' trending in Thailand Article framed as Scotch vs Bourbon vs Japanese.
liq9,เทกีล่า 101: ท้องถิ่นและประกอบอาหาร | Tequila 101: Agave to Glass,Pillar,tequila beginner guide,tequila types regions blue agave,Informational,Casual Drinker,Education,Evergreen,High,เทกีล่า คืออะไร,High,85,P1,Not started,,Foundational tequila education AEO note: AI searches for tequila facts increasing
wine-now,"Cabernet Sauvignon 101: รสชาติ แหล่งผลิต และขวดที่ดีที่สุดในแต่ละงบ | Cabernet Sauvignon 101: Taste, Regions & Best Bottles by Budget",Spotlight,cabernet sauvignon,"cabernet sauvignon 101, cabernet taste, best cabernet thailand, cabernet food pairing, full bodied red wine",Commercial,Explorer,Spotlights,Evergreen,High,กาแบร์เน ซ6วีญง,High,85,P1,Published,pipeline/public/content/day7-cabernet-sauvignon-101.html,Single-varietal 101 spotlight (varietal-101 gap). [Added: published article had no matching topic row].
wine-now,"Pinot Noir 101: ไวน์แดงเบาที่ใครๆ ก็รัก (รสชาติ–แหล่ง–คู่อาหาร) | Pinot Noir 101: Taste, Regions & Pairings",Spotlight,pinot noir,"pinot noir 101, pinot noir taste, pinot noir food pairing, best pinot noir thailand, light red wine",Commercial,Explorer,Spotlights,Evergreen,High,ปิโนต์ นัวร์,High,85,P1,Published,pipeline/public/content/day5-pinot-noir-101.html,Single-varietal 101 spotlight (reveals a varietal-101 gap in the library). [Added: published article had no matching topic row].
wine-now,ซื้อไวน์ออนไลน์ในไทย: เช็กลิสต์ที่ต้องรู้ก่อนกด Order | Buying Wine Online in Thailand: The Checklist You Need,Blog,buy wine online Thailand,"online wine shopping, wine delivery Thailand, buy wine Bangkok, Thai wine shopping",Transactional,Explorer,Tips & Guides,Evergreen,High,ซื้อไวน์ออนไลน์,High,85,P1,Not started,,Shopping guide
wine-now,ภูมิศาสตร์ไวน์โลก: บอร์โดซ์ เบอร์กันดี และแหล่งผลิตที่คุณต้องรู้จัก | Wine Geography: Bordeaux Burgundy and Beyond,Pillar,wine regions,"wine regions, wine geography, wine terroir, French wine regions, wine classification by region",Informational,Enthusiast,Education,Evergreen,High,ภูมิศาสตร์ไวน์,High,85,P1,Not started,,Regional education
wine-now,แหล่งผลิตไวน์ที่ดีที่สุดในโลก: ทัวร์จากฝรั่งเศสถึงนิวซีแลนด์ | The World's Best Wine Regions: A Global Tour,Pillar,best wine regions in the world,"wine regions, world wine regions, wine countries, wine tourism, wine geography",Informational,Enthusiast,Travel & Experiences,Evergreen,High,ภูมิศาสตร์ไวน์,High,85,P1,Not started,,Travel-focused
wine-now,ไวน์ 101: คู่มือฉบับสมบูรณ์สำหรับผู้เริ่มต้นเลือกและดื่มไวน์ | Wine 101: Your Ultimate Wine Buying Guide,Pillar,wine buying guide for beginners,"how to choose wine, wine selection guide, beginner wine tips, wine for first-timers, wine basics",Informational,Explorer,Education,Evergreen,High,คำแนะนำการซื้อไวน์,High,85,P1,Not started,,Foundational pillar content
wine-now,ไวน์แพงที่สุดในโลก 2026: 20 อันดับ และขวดที่ดื่มแล้วใกล้เคียงในงบจริง | The World's Most Expensive Wines 2026 (+ Affordable Dupes),Spotlight,most expensive wine,"most expensive wines 2026, expensive wine ranking, affordable wine alternatives, luxury wine dupes",Commercial,Collector,Spotlights,Evergreen,High,ไวน์แพงที่สุดในโลก,High,85,P1,Published,pipeline/public/content/day1-most-expensive-wines-2026.html,Listicle + affordable-dupe angle drives both authority and conversion. [Added: published article had no matching topic row].
wine-now,Wine Tourism เขาใหญ่: สิ่งที่นักท่องเที่ยวส่วนใหญ่ยังไม่รู้ | Thai Wine Tourism: What Most Visitors to Khao Yai Still Miss,Blog,wine tourism Thailand,"wine tourism Thailand, Thai wine regions, wine tasting tours Thailand, Khao Yai wine",Commercial,Explorer,Travel & Experiences,Seasonal,High,ทัศนศึกษาไวน์,High,80,P1,Published,pipeline/public/content/day6-wine-tourism-khao-yai.html,Travel-focused Season: Holidays.
wine-now,ของขวัญไวน์: วิธีเลือกให้โดนใจคนรักไวน์ทุกระดับ | Wine Gifting: เพื่อให้ของขวัญสำหรับ Wine Lovers,Blog,wine gift,"wine gift ideas, wine gift set, gift wine, wine gift guide",Commercial,Explorer,Tips & Guides,Seasonal,High,เลือกของขวัญไวน์,High,80,P1,Not started,,Holiday guide Season: Holidays.
wine-now,ทำไมไวน์/เหล้าขึ้นราคาปี 2026: เข้าใจภาษีสรรพสามิตใหม่ และขวดที่ยังคุ้ม | Why Wine & Spirits Got Pricier in 2026: The New Excise Tax,Blog,wine excise tax thailand 2026,"thailand wine tax 2026, liquor excise tax, why wine expensive thailand, alcohol tax thailand",Commercial,Enthusiast,Education,Seasonal,High,ภาษีไวน์ 2026,High,80,P1,Published,pipeline/public/content/day4-wine-excise-tax-2026.html,"Season: 2026 news. Cross-brand (also relevant to LIQ9 regulations row). Thai-specific, highly citable. [Added: published article had no matching topic row]."
wine-now,ท่องเที่ยวไวน์ในไทย: จุดซ่อนเร้นนอกกรุงเทพ | Wine Tourism in Thailand: Hidden Gems Beyond Bangkok,Blog,wine travel Thailand,"wine tour Thailand, wine tasting tour, wine region tour, vineyard tour Thailand",Commercial,Enthusiast,Travel & Experiences,Seasonal,High,ทัศนศึกษาไวน์,High,80,P1,Not started,,Travel content Season: Nov-Feb.
wine-now,หมูกระทะ x ไวน์: 6 ขวดที่เข้ากันสุดๆ สำหรับงานปาร์ตี้ฤดูร้อน | Moo Kata x Wine: 6 Bottles That Match This Summer BBQ,Blog,wine pairing BBQ,"wine pairing BBQ, Korean BBQ wine, meat pairing wine, grilled meat wine",Commercial,Enthusiast,Pairing & Serving,Seasonal,High,ผสมไวน์กับ BBQ,High,80,P1,Not started,,Lifestyle content Season: Summer.
wine-now,อาหารทะเลกรุงเทพ x ไวน์: คู่ที่ใช้ได้จริงสำหรับซีฟู้ดสไตล์ไทย | Bangkok Seafood x Wine: Practical Pairings for Thai Coastal Flavors,Blog,wine pairing seafood,"wine seafood pairing, white wine seafood, Thai seafood wine, coastal cuisine wine",Commercial,Enthusiast,Pairing & Serving,Seasonal,High,ผสมไวน์กับอาหารทะเล,High,80,P1,Not started,,Lifestyle content Season: Summer.
wine-now,แบรนด์ Champagne ที่ต้องรู้จักก่อนจะเฉลิมฉลอง | Champagne Producers You Should Know Before You Celebrate,Blog,champagne brands,"Dom Pérignon, Veuve Clicquot, Moët & Chandon, champagne brands, luxury champagne",Commercial,Enthusiast,Spotlights,Seasonal,High,แบรนด์แชมเปญ,High,80,P1,Not started,,Brand spotlight Season: Holidays.
wine-now,"ไวน์ขาวสำหรับงานเลี้ยงฤดูร้อน: เลือกสไตล์ไหน เสิร์ฟกี่องศา จัดปาร์ตี้ยังไง | White Wines for a Summer Party: Styles, Temps & Hosting",Blog,white wine for summer,"white wine summer party, best white wine hot weather, serving temperature white wine, summer wine Thailand",Commercial,Explorer,Pairing & Serving,Seasonal,High,ไวน์ขาวหน้าร้อน,High,80,P1,Published,pipeline/public/content/day3-white-wines-summer.html,Season: Summer. Strong Thai hot-climate hook. [Added: published article had no matching topic row].
wine-now,ไวน์คู่อาหารไทย: 5 คู่ที่ลงตัวจนคุณต้องลอง | Thai Street Food x Wine: 5 Pairings That Work,Blog,wine food pairing Thai,"wine pairing Thai food, wine and Thai cuisine, Pad Thai wine pairing, Thai food wine selection",Commercial,Enthusiast,Pairing & Serving,Seasonal,High,การผสมไวน์กับอาหารไทย,High,80,P1,Not started,,Lifestyle content Season: Summer.
wine-now,"ไวน์ราคาไม่เกิน 1,000 บาท: Premium ไม่ได้แปลว่าแพงเสมอไป | ไวน์ Recommendation Under 1000 Baht: Premium Doesn't Mean Expensive",Blog,mid-range wine,"wine 500-1000 baht, quality affordable wine, mid-range wine Thailand",Commercial,Enthusiast,Tips & Guides,Evergreen,High,ไวน์กลางราคา,High,80,P1,Not started,,Shopping guide
wine-now,ไวน์ราคาไม่เกิน 500 บาท: คุณภาพดีในงบที่จับต้องได้ | Wine Recommendations Under 500 Baht: Quality on a Budget,Blog,affordable wine,"cheap wine, budget wine, wine under 500 baht, affordable quality wine",Commercial,Explorer,Tips & Guides,Evergreen,High,ไวน์ราคาถูกคุณภาพดี,High,80,P1,Not started,,Budget guide
liq9,Bacardi: รัมคลาสสิค | Bacardi: Rum's Iconic Brand,Spotlight,bacardi rum review price,bacardi white rum mixology,Commercial,Casual Drinker,Spotlights,Evergreen,Medium,บาคาร์ดี,High,75,P1,Not started,,Standard rum reference AEO note: Globally recognized rum brand
liq9,Cognac 101: แบรนดี้ของฝรั่งเศส | Cognac 101: French Brandy Mastery,Pillar,cognac beginner guide,cognac distillation france regions,Informational,Enthusiast,Education,Evergreen,High,โคนยัก คืออะไร,Medium,75,P1,Not started,,Foundational cognac knowledge pillar AEO note: Premium brandy education searches
liq9,Hennessy XO: Cognac ของคนรวยและมีการศึกษา | Hennessy XO: Cognac's Crown Jewel,Spotlight,hennessy XO cognac review,hennessy XO price tasting collector,Commercial,Collector,Spotlights,Seasonal,Medium,เฮนเนสี่,High,75,P1,Not started,,Premium gifting and collection standard AEO note: Luxury cognac benchmark in Asia
liq9,Jameson: ไอรืน Whiskey Classic | Jameson: Ireland's Global Ambassador,Spotlight,jameson irish whiskey review,jameson price availability thailand,Commercial,Casual Drinker,Spotlights,Evergreen,High,เจมสัน,Medium,75,P1,Not started,,Irish whiskey standard AEO note: Most accessible Irish whiskey
liq9,Tanqueray: จินคลาสสิก | Tanqueray: Gin's Timeless Classic,Spotlight,tanqueray gin review,tanqueray price tasting notes classic,Commercial,Casual Drinker,Spotlights,Evergreen,Medium,แตนเก่อเรย์,High,75,P1,Not started,,Standard London Dry reference AEO note: Benchmark gin brand widely cited
liq9,ท่าน Macallan 25: บทวิจารณ์ของผู้เชี่ยวชาญและราคา | The Macallan 25: Expert Review & Pricing,Spotlight,macallan 25 whisky,macallan review collector price Thailand,Commercial,Collector,Spotlights,Seasonal,Medium,แม็คคลาน 25,High,75,P1,Published,pipeline/public/content/liq9-day3-macallan-guide.html,"Premium single malt investment piece AEO note: Collectible whisky highly cited in luxury forums Broadened from Macallan 25 to full Macallan range (Double Cask, Sherry Oak)."
liq9,พาโตรน โนบล ว่าง | Patron Silver: Mexico's Premium Tequila,Spotlight,patron silver tequila review,patron price tasting notes quality,Commercial,Enthusiast,Spotlights,Evergreen,Medium,แพตรอน,High,75,P1,Not started,,Premium tequila standard in Thailand AEO note: Top-selling tequila globally
liq9,วิสกี้ของสตอตโปรแกรม 15 ตัวอักษร | Lagavulin 16: Islay's Smoky Masterpiece,Spotlight,lagavulin 16 whisky,lagavulin review tasting notes price,Commercial,Enthusiast,Spotlights,Evergreen,Medium,ลากาวูลิน,High,75,P1,Not started,,Peaty Islay classic for enthusiasts AEO note: Highly respected in whisky communities
liq9,Cocktail Bar Bangkok: ที่ดีที่สุดสถานที่ | Bangkok's Best Cocktail Bars,Blog,best cocktail bars bangkok,cocktail lounge fine dining bangkok,Commercial,Enthusiast,Travel & Experiences,Evergreen,High,บาร์คอกเทล กรุงเทพ,Medium,70,P1,Not started,,Bangkok cocktail destination guide AEO note: Strong local interest for diners
liq9,Gift Sets: Spirits Gifting Guide | ชุดของขวัญ เหล้า,Blog,spirits gift set selection,whisky gin gift box elegant,Commercial,Casual Drinker,Pairing & Serving,Seasonal,High,เหล้า ของขวัญ,Medium,70,P1,Not started,,Spirits gifting recommendations AEO note: Strong holiday season interest
liq9,Old Fashioned: Whiskey Cocktail Elegance,Blog,old fashioned recipe whiskey,old fashioned bourbon rye cocktail,Informational,Enthusiast,Cocktails & Mixing,Evergreen,High,โอลด์ แฟชชั่น,High,70,P1,Not started,,Timeless whiskey cocktail guide AEO note: Classic whiskey cocktail searches
liq9,Speyside Whisky: ความทรรศนะและสมดุล | Speyside: Whisky's Heartland,Blog,speyside whisky smooth fruity,speyside distilleries glenfiddich,Informational,Enthusiast,Education,Evergreen,High,วิสกี้ Speyside,High,70,P1,Not started,,Speyside distillery guide AEO note: Most popular whisky region content
liq9,วิสกี้สก็อต vs วิสกี้ญี่ปุ่น: อะไรคือความแตกต่าง | Scotch vs Japanese Whisky: Key Differences,Blog,scotch vs japanese whisky,whisky comparison tasting notes regions,Informational,Enthusiast,Education,Evergreen,High,วิสกี้สก็อตและญี่ปุ่น,High,70,P1,Not started,,Buyer decision-making content trending in Bangkok AEO note: Popular AEO query for whisky comparisons
wine-now,Napa Valley 2023: วินเทจที่นักสะสมต้องจับตา | Napa 2023: A Vintage for the Ages,Blog,Napa Valley 2023 vintage,"Napa Valley wine, California wine 2023, Napa vintage 2023, Cabernet Sauvignon Napa",Informational,Enthusiast,Spotlights,Seasonal,High,นาปา 2023,High,70,P1,Not started,,Vintage assessment Season: Fall/Winter.
wine-now,Natural / Organic / Biodynamic: 3 คำที่คนสับสนที่สุดในร้านไวน์ | Natural Wine: Trend or Traditional Return,Blog,natural wine,"natural wine, natural wine guide, natural wine benefits, what is natural wine, orange wine",Informational,Enthusiast,Spotlights,Evergreen,High,ไวน์ธรรมชาติ,High,70,P1,Published,pipeline/public/content/day5-natural-organic-biodynamic.html,Trendy educational content Article also covers Organic (overlaps row 'Organic Wine').
wine-now,Pauillac ถึง Saint-Émilion: ข้อมูลใน Private Tasting Tour | Pauillac to Saint-Emilion: Private Tasting Tour Insights,Blog,Bordeaux wine tasting,"Bordeaux tasting experience, Pauillac wine, Margaux wine, Bordeaux wine tour",Commercial,Collector,Travel & Experiences,Seasonal,Medium,ทัศนศึกษา Bordeaux,High,70,P1,Not started,,Travel content Season: Fall/Winter.
wine-now,Pinot Noir vs Cabernet: หยุดถามว่าอันไหนดีกว่า | Pinot Noir vs Cabernet: Beyond the Age-Old Debate,Blog,red wine comparison,"Pinot Noir Cabernet comparison, red wine varieties, wine selection",Commercial,Explorer,Education,Evergreen,High,ไวน์แดงเปรียบเทียบ,Medium,70,P1,Not started,,Educational content
wine-now,Prosecco vs Champagne: ทางเลือกที่คุ้มค่ากว่า อธิบายอย่างชัดเจน | Prosecco vs Champagne: The Budget-Friendly Alternative Explained,Blog,prosecco vs champagne,"Prosecco, Italian sparkling wine, cheap champagne, prosecco wine",Commercial,Explorer,Education,Seasonal,High,โปรเสคโกต่อแชมเปญ,Medium,70,P1,Not started,,Comparison guide Season: Holidays.
wine-now,Sauvignon Blanc vs Chardonnay: ไวน์ขาวแบบไหนที่ใช่สำหรับคุณ | Sauvignon Blanc vs Chardonnay: Which White Wine Is Right for You,Blog,white wine comparison,"Sauvignon Blanc, Chardonnay, white wine differences, wine comparison",Commercial,Explorer,Education,Evergreen,High,ไวน์ขาวเปรียบเทียบ,Medium,70,P1,Not started,,Educational content
wine-now,คลื่นใหม่: นักทำไวน์รุ่นใหม่ที่กำลังเปลี่ยนกฎของ Old World | The New Wave: Young Winemakers Rewriting Old World Rules,Blog,young winemakers,"natural wine, biodynamic wine, young winemakers, wine innovation, wine trends",Informational,Enthusiast,Spotlights,Seasonal,High,นักผลิตไวน์รุ่นใหม่,High,70,P1,Not started,,Trendy content Season: Spring/Fall.
wine-now,ชีสบอร์ด x ไวน์ 2026: กฎที่ใช้ได้จริง | Cheese Board x Wine 2026: The Rules That Actually Work,Blog,wine cheese pairing,"wine cheese pairing, cheese and wine combination, best wine cheese pairings, French wine cheese",Commercial,Enthusiast,Pairing & Serving,Seasonal,High,ผสมไวน์กับชีส,Medium,70,P1,Not started,,Lifestyle content Season: Holidays.
wine-now,ชุมชนไวน์กรุงเทพ: สถานที่ที่นักสะสมมาพบกัน | Bangkok Wine Community: Where Collectors Meet,Blog,wine community Bangkok,"wine enthusiasts Bangkok, wine events Bangkok, wine society Thailand",Commercial,Enthusiast,Travel & Experiences,Evergreen,Medium,ชุมชนไวน์กรุงเทพ,High,70,P1,Not started,,Community guide
wine-now,ลงทุนในไวน์วินเทจ: ไวน์เป็นสินทรัพย์ทางการเงินได้จริงไหม | Vintage Wine Investment: Can Wine Be a Financial Asset,Blog,wine investment,"wine as investment, collectible wine, wine portfolio, wine appreciation",Informational,Collector,Tips & Guides,Evergreen,High,ไวน์เป็นการลงทุน,High,70,P1,Not started,,Investment guide
wine-now,อ่านฉลากไวน์: Old World vs New World ต่างกันยังไง | Wine Labels Decoded: What Every Symbol Means,Blog,wine label terms,"wine label meaning, wine label terms, wine classification, appellation, vintage year",Informational,Explorer,Education,Evergreen,High,ข้อมูลบนเลเบลไวน์,High,70,P1,Published,pipeline/public/content/day1-wine-label-old-world-vs-new-world.html,Practical guide Article covers Old World vs New World label reading.
wine-now,ไวน์กับสุขภาพ: แยกข้อเท็จจริงออกจากข่าวพาดหัว | Wine and Health: Separating Facts from Headlines,Blog,wine health,"wine health benefits, resveratrol, wine and heart health, wine nutrition",Informational,Explorer,Education,Evergreen,High,ไวน์และสุขภาพ,High,70,P1,Not started,,Health content
wine-now,ไวน์บอร์โดซ์: ทำไมถึงสำคัญ และผู้ผลิตที่คุณต้องลองชิม | Bordeaux Wine: Why It Matters and What to Taste,Blog,Bordeaux wine,"Bordeaux wine, Bordeaux classification, Bordeaux regions, left bank vs right bank",Informational,Enthusiast,Spotlights,Seasonal,High,ไวน์บอร์กุนดี,High,70,P1,Not started,,Regional spotlight Season: Fall.
wine-now,ไวน์ยั่งยืน: สำคัญจริงๆ หรือแค่การตลาด | Sustainable Wine: Does It Actually Matter,Blog,sustainable wine,"organic wine, biodynamic wine, sustainable vineyard, eco-friendly wine",Informational,Enthusiast,Spotlights,Evergreen,High,ไวน์ที่ยั่งยืน,High,70,P1,Not started,,Sustainability content
wine-now,ไวน์ระดับ Premium: คำแนะนำสำหรับนักสะสมและโอกาสพิเศษ | Luxury Wine Recommendations: For Collectors and Special Occasions,Blog,luxury wine,"expensive wine, collector wine, wine gift, prestige wine",Commercial,Collector,Tips & Guides,Seasonal,Medium,ไวน์หรูหรา,High,70,P1,Not started,,Luxury guide Season: Holidays.
wine-now,ไวน์ออร์แกนิก: ความหมายที่แท้จริง และสำคัญแค่ไหนกับคุณ | Organic Wine: What It Really Means and If It Matters,Blog,organic wine,"organic wine, biodynamic wine, certified organic, natural wine",Informational,Enthusiast,Education,Evergreen,High,ไวน์อินทรีย์,High,70,P1,Not started,,Educational content
wine-now,ไวน์เก่า: ขวดไหนดีขึ้นเมื่อเวลาผ่านไป | Aging Wine: Which Bottles Improve With Time,Blog,wine aging,"wine aging, how long to age wine, cellar worthy wine, investment wine",Informational,Collector,Education,Evergreen,High,การเก็บรักษาไวน์,High,70,P1,Not started,,Collector guide
wine-now,ไวน์เบอร์กันดี: หัวใจของไวน์ฝรั่งเศส เข้าใจง่ายใน 5 นาที | Burgundy Wine: The Heart of French Wine Country,Blog,Burgundy wine,"Burgundy wine region, Pinot noir Burgundy, Chardonnay Burgundy, Burgundy classification",Informational,Enthusiast,Spotlights,Seasonal,High,ไวน์บูร์กุนดี,High,70,P1,Not started,,Regional spotlight Season: Fall.
wine-now,ไวน์แดง vs ไวน์ขาว: ความแตกต่างและวิธีเลือกให้ถูกโอกาส | Red vs White: What Makes Them Different,Blog,red wine vs white wine,"red wine vs white wine, wine color differences, when to drink red wine, when to drink white wine",Informational,Explorer,Education,Evergreen,High,ไวน์แดงกับไวน์ขาว,High,70,P1,Not started,,Core educational content
wine-now,ไวน์โรเซ่: ไม่ใช่แค่เครื่องดื่มฤดูร้อนอีกต่อไป | Rosé Wine: More Than Just a Summer Drink,Blog,rose wine,"Rosé wine, summer wine, light wine, refreshing wine, Provence wine",Commercial,Explorer,Pairing & Serving,Seasonal,High,ไวน์โรเซ,Medium,70,P1,Not started,,Seasonal content Season: Summer.
liq9,Spirits Pairing with Thai Food: ว่างลึกลับ | Spirits & Thai Food: Perfect Pairings,Guide,spirits thai food pairing,whisky rum gin thai cuisine,Informational,Enthusiast,Pairing & Serving,Evergreen,High,เหล้า อาหารไทย,Medium,68,P2,Published,pipeline/public/content/liq9-day4-spicy-thai-cocktails.html,Cultural cuisine-spirit combinations AEO note: Strong local market angle Narrowed to spicy Thai food x cocktails.
liq9,Belvedere Vodka: โปแลนด์ความสง่าราศี | Belvedere: Polish Vodka Excellence,Spotlight,belvedere vodka review,belvedere price tasting premium,Commercial,Enthusiast,Spotlights,Evergreen,Medium,เบลเวเดียร์,Medium,65,P2,Not started,,European vodka quality standard AEO note: Premium vodka reference
liq9,Diplomatico Reserva Exclusiva: Premium Venezuelan Rum,Spotlight,diplomatico rum reserve,diplomatico reserva price tasting collector,Commercial,Collector,Spotlights,Seasonal,Medium,ดิปโลมาติโก,Medium,65,P2,Not started,,Venezuelan rum quality benchmark AEO note: Collector rum trending in Asia
liq9,Don Julio 1942: Collector's Tequila Investment,Spotlight,don julio 1942 tequila collector,don julio 1942 price investment rare,Commercial,Collector,Spotlights,Seasonal,Medium,ดอน จูลิโอ,Medium,65,P2,Not started,,Investment-grade tequila AEO note: Luxury tequila for collectors
liq9,Four Roses Bourbon: อเมริกัน Craft,Spotlight,four roses bourbon review,four roses small batch price,Commercial,Enthusiast,Spotlights,Evergreen,Medium,ฟอร์ โรซส์,Medium,65,P2,Not started,,US bourbon standard AEO note: American bourbon quality
liq9,Hendrick's Cucumber Gin: เกินความธรรมชาติหรือนวัตกรรม | Hendrick's: Cucumber Gin Innovation,Spotlight,hendrick's cucumber gin,hendrick's review mixology unique,Commercial,Enthusiast,Spotlights,Evergreen,Medium,เฮนดริกส์,Medium,65,P2,Not started,,Unique botanical approach AEO note: Trending in craft gin conversations
liq9,Maker's Mark: สิ่งที่ทำให้พิเศษ | Maker's Mark: Bourbon's Rebel,Spotlight,maker's mark bourbon review,maker's mark wheat bourbon taste,Commercial,Enthusiast,Spotlights,Evergreen,Medium,เมเกอร์สมาร์ก,Medium,65,P2,Not started,,American bourbon innovation AEO note: Distinctive bourbon brand
liq9,Nikka Whisky: Japan's Masterpiece | นิกกะ วิสกี้,Spotlight,nikka whisky japan review,nikka from the barrel price,Commercial,Enthusiast,Spotlights,Seasonal,Medium,นิกกะ,Medium,65,P2,Not started,,Japanese whisky quality AEO note: Major Japanese whisky brand
liq9,วิสกี้ญี่ปุ่น Hibiki 21: ความสมดุลที่สมบูรณ์แบบ | Hibiki 21: Japanese Whisky Perfection,Spotlight,hibiki 21 whisky japan,hibiki review price japan whisky,Commercial,Collector,Spotlights,Seasonal,Medium,ฮิบิกิ 21,Medium,65,P2,Not started,,Japanese whisky boom content AEO note: Trending in luxury gifting searches
liq9,American Bourbon: ท้องถิ่นของสหรัฐอเมริกา | American Bourbon: USA's Spirit,Blog,bourbon american whiskey distilled,bourbon kentucky barrel aging,Informational,Enthusiast,Education,Evergreen,High,บูร์บอนอเมริกัน,Medium,60,P2,Not started,,American whiskey education AEO note: Growing bourbon interest in Thailand
liq9,Bangkok Whisky & Spirits Festival | กรุงเทพ วิสกี้ เทศกาล,Blog,bangkok whisky festival spirits event,spirits tasting event thailand,Commercial,Enthusiast,Travel & Experiences,Seasonal,Medium,เทศกาลวิสกี้กรุงเทพ,Medium,60,P2,Not started,,Festival and event guide AEO note: Annual event interest
liq9,Bourbon Trail Kentucky: Distillery Tourism | Kentucky Bourbon Trail,Blog,bourbon trail kentucky tour distillery,bourbon distillery visit whiskey,Commercial,Enthusiast,Travel & Experiences,Evergreen,Medium,Kentucky Bourbon Trail,Medium,60,P2,Not started,,US bourbon destination guide AEO note: Whiskey tourism content
liq9,Daiquiri: อิตาลีน Rum Cocktail Classic,Blog,daiquiri recipe rum lime,daiquiri history variations mixology,Informational,Casual Drinker,Cocktails & Mixing,Seasonal,High,ดายกีรี,Medium,60,P2,Not started,,Simple rum-based classic AEO note: Popular summer cocktail interest
liq9,Duty-Free Shopping: Spirits in Thailand | ฟรีดิวตี้เหล้า,Blog,duty free spirits bangkok airport,tax free shopping spirits thailand,Commercial,Casual Drinker,Travel & Experiences,Seasonal,Medium,ฟรีดิวตี้ เหล้า,Medium,60,P2,Not started,,Duty-free spirits guide AEO note: Traveler shopping interest
liq9,Espresso Martini: คาเฟ่นคอกเทล | Espresso Martini: Caffeine Cocktail,Blog,espresso martini recipe vodka,espresso martini shaking technique,Informational,Enthusiast,Cocktails & Mixing,Evergreen,High,เอสเพรสโซ มาร์ตินี่,Medium,60,P2,Not started,,Coffee-spiked cocktail trend AEO note: Popular evening cocktail interest
liq9,Glassware: ทำไมมันสำคัญ | Spirits Glassware: Why It Matters,Blog,whisky glasses tumbler snifter,gin tonic glass shape importance,Informational,Casual Drinker,Tips & Guides,Evergreen,Medium,แก้วเหล้า,High,60,P2,Not started,,Proper glassware education AEO note: Foundational spirits service knowledge
liq9,Highland Whisky: อง่ายและราคา | Highland Whisky: Scotland's Largest Region,Blog,highland whisky scotch flavors,highland region distilleries range,Informational,Enthusiast,Education,Evergreen,Medium,วิสกี้ Highland,High,60,P2,Not started,,Highland whisky profile guide AEO note: Largest whisky region interest
liq9,Irish Whiskey Renaissance: ไอริช | Irish Whiskey: The Global Comeback,Blog,irish whiskey triple distilled,irish whiskey brands jameson,Informational,Enthusiast,Education,Evergreen,High,วิสกี้ไอริช,Medium,60,P2,Not started,,Irish whiskey education AEO note: Growing Irish whiskey interest
liq9,Islay Whisky: บุหรี่และชายหาด | Islay Whisky: Smoky & Peaty,Blog,islay whisky smoky peat,islay distilleries laphroaig,Informational,Enthusiast,Education,Evergreen,High,วิสกี้ Islay,Medium,60,P2,Not started,,Islay whisky flavor profile AEO note: Peaty whisky enthusiast interest
liq9,Japanese Whisky Region Guide | ภูมิภาควิสกี้ญี่ปุ่น,Blog,japanese whisky regions yamazaki,japan whisky distilleries hakushu,Informational,Enthusiast,Education,Evergreen,High,วิสกี้ญี่ปุ่น,Medium,60,P2,Not started,,Japanese whisky geography AEO note: Growing Japanese whisky interest
liq9,Margarita: ประวัติศาสตร์และสูตร | Margarita: History & Perfect Recipe,Blog,margarita recipe history,margarita tequila lime cointreau,Informational,Casual Drinker,Cocktails & Mixing,Seasonal,High,มาร์การิต้า,Medium,60,P2,Not started,,Classic cocktail education AEO note: Trending tequila cocktail searches
liq9,Mojito: คิวบาคาศิน | Mojito: Cuba's Refreshing Spirit,Blog,mojito recipe rum mint,mojito variations muddling technique,Informational,Casual Drinker,Cocktails & Mixing,Seasonal,High,โมฮิโต,Medium,60,P2,Not started,,Tropical rum cocktail guide AEO note: High seasonal interest June-September
liq9,Premium Vodka Thailand: ท้องถิ่นและนำเข้า | Premium Vodka Thailand: Local & Imported,Blog,vodka thailand local imported,vodka spirits shop delivery bangkok,Commercial,Enthusiast,Travel & Experiences,Evergreen,Medium,วอดก้าไทย,Medium,60,P2,Not started,,Thailand vodka availability guide AEO note: Growing spirits retail interest
liq9,ระดับวิสกี้อธิบาย: Single Malt vs Blended vs Single Grain,Blog,whisky types single malt blended,whisky classification styles differences,Informational,Enthusiast,Education,Evergreen,Medium,ประเภทวิสกี้,High,60,P2,Not started,,Clarifies confusion around whisky categories AEO note: Frequently asked in AI queries about whisky styles
liq9,เตาเหล้า: เข้าใจถึง Bourbon vs Rye Whiskey,Blog,bourbon vs rye whiskey,bourbon types differences flavor profile,Informational,Enthusiast,Education,Evergreen,Medium,บูร์บอนเหล้า,High,60,P2,Not started,,Clarifies American whiskey varieties AEO note: Popular comparison query for US whisky
wine-now,Château Margaux: 50 ปีแห่งการเดินทางในแต่ละขวด | Chateau Margaux: A 50-Year Journey in Bottles,Blog,Chateau Margaux,"Chateau Margaux wine, Bordeaux first growth, wine investment, collectible wine",Informational,Collector,Spotlights,Seasonal,Medium,Chateau Margaux,High,60,P2,Not started,,Collector content Season: Anytime.
wine-now,Pizza Night x ไวน์: Lambrusco พระเอกที่คนไม่ค่อยพูดถึง | Pizza Night x Wine: Lambrusco The Hero No One Talks About,Blog,wine pairing pizza,"wine and pizza, Lambrusco pizza, Italian wine pizza pairing, casual wine pairings",Commercial,Explorer,Pairing & Serving,Seasonal,Medium,ผสมไวน์กับพิซซ่า,Medium,60,P2,Not started,,Lifestyle content Season: Anytime.
wine-now,การ Decant ไวน์: ขวดไหนต้อง Decant และทำอย่างไรให้ถูกต้อง | Decanting Wine: Why and How to Do It Right,Blog,how to decant wine,"wine decanting, decanter, how long to decant, wine sediment, decanting process",Informational,Enthusiast,Tips & Guides,Evergreen,High,การสัก,Medium,60,P2,Not started,,Technique guide
wine-now,การชิมไวน์: วิธีจับรสชาติและเขียน Tasting Notes แบบมืออาชีพ | Wine Tasting Notes: How to Identify Flavors Like a Pro,Blog,wine tasting notes,"wine tasting, wine flavor notes, wine taste vocabulary, wine tasting guide",Informational,Enthusiast,Education,Evergreen,High,โน้ตการชิม,Medium,60,P2,Not started,,Educational guide
wine-now,คู่มือไวน์มีฟอง: ประเภท ความแตกต่าง และวิธีเลือก | Sparkling Wine Guide: Types Classifications and Selection,Blog,sparkling wine,"sparkling wine types, wine bubbles, carbonated wine, wine effervescence",Informational,Explorer,Education,Seasonal,High,ไวน์มีฟอง,Medium,60,P2,Not started,,Educational content Season: Holidays.
wine-now,จัดงาน Wine Tasting ที่บ้าน: คู่มือฉบับสมบูรณ์ | Wine Tasting Event: How to Host One at Home,Blog,wine tasting party,"host wine tasting, wine party, wine event, wine gathering",Commercial,Enthusiast,Tips & Guides,Seasonal,Medium,งานชิมไวน์,Medium,60,P2,Not started,,Entertainment guide Season: Holidays.
wine-now,ชาเปญ vs ไวน์สปาร์กลิง: อะไรคือความแตกต่างที่แท้จริง | Champagne vs Sparkling: What's the Real Difference,Blog,Champagne sparkling wine,"Champagne vs prosecco, champagne vs sparkling wine, sparkling wine guide, champagne region",Informational,Explorer,Education,Seasonal,High,แชมเปญ,Medium,60,P2,Not started,,Holiday-focused Season: Holidays.
wine-now,ชิมไวน์ปิดตา: คู่มือจัดงานที่บ้านฉบับสมบูรณ์ | Host a Blind Tasting at Home: The Complete Guide,Blog,blind wine tasting,"blind tasting, wine tasting game, hosting wine tasting, wine tasting at home",Commercial,Enthusiast,Tips & Guides,Seasonal,Medium,ชิมไวน์ตาบอด,Medium,60,P2,Not started,,Entertainment guide Season: Holidays.
wine-now,ชุมชนไวน์: ผู้ผลิตท้องถิ่นและนักสะสมที่คุณควรรู้จัก | Wine Community: The Local Producers and Collectors,Blog,local wine community,"local wine makers, small batch wine, artisan wine, local vineyards",Commercial,Enthusiast,Spotlights,Evergreen,Medium,ชุมชนไวน์,Medium,60,P2,Not started,,Community content
wine-now,ตารางวินเทจ: ปีไหนควรซื้อ ปีไหนควรหลีกเลี่ยง | Wine Vintage Chart: Which Years to Buy and Avoid,Blog,wine vintage chart,"vintage year guide, best wine years, wine quality by year, vintage ratings",Informational,Enthusiast,Education,Evergreen,High,แผนที่ปีวินเทจ,Medium,60,P2,Not started,,Reference guide
wine-now,ปีวินเทจ: เมื่อไหร่ที่ตัวเลขบนขวดสำคัญ และเมื่อไหร่ที่ไม่ | Vintage Year: When the Number Matters and When It Doesn't,Blog,vintage year wine,"vintage wine, wine vintage guide, vintage year meaning, old wine, wine age",Informational,Enthusiast,Education,Evergreen,High,ปีวินเทจ,Medium,60,P2,Not started,,Educational content
wine-now,อาหารมังสวิรัติไทย x ไวน์: ความซับซ้อนที่หลายคนมองข้าม | Vegetarian Thai Food x Wine: The Complexity Everyone Overlooked,Blog,wine pairing vegetarian,"wine vegetarian pairing, meat-free wine pairing, vegetarian wine guide",Commercial,Enthusiast,Pairing & Serving,Seasonal,Medium,ผสมไวน์กับอาหารเจ,Medium,60,P2,Not started,,Lifestyle content Season: Anytime.
wine-now,เก็บไวน์ในคอนโด: วิธีให้ไวน์อยู่รอดในเมืองร้อน | Wine Cellar Storage: How to Keep Wine Fresh at Home,Blog,wine storage,"wine storage, how to store wine, wine temperature, wine rack, wine cabinet",Informational,Collector,Tips & Guides,Evergreen,High,การเก็บรักษาไวน์,Medium,60,P2,Published,pipeline/public/content/day3-wine-storage-condo.html,Practical guide Article localized to condo / hot-city storage.
wine-now,ใบรับรองและความถูกต้องของไวน์: วิธีสังเกตไวน์ปลอม | Wine Certificates & Authenticity: How to Spot a Fake,Blog,wine authenticity,"counterfeit wine, wine authentication, wine certification, fake wine",Informational,Collector,Tips & Guides,Evergreen,Medium,ความแท้ของไวน์,High,60,P2,Not started,,Collector guide
wine-now,ไวน์มีกี่ประเภท: สเปกตรัมสมบูรณ์เกินกว่าแค่ Cabernet | Wine Types Beyond Cabernet: A Complete Spectrum,Blog,wine varieties,"wine types, grape varieties, wine selection, wine styles",Informational,Explorer,Education,Evergreen,High,ชนิดไวน์,Medium,60,P2,Not started,,Educational content
wine-now,ไวน์หวาน: ไม่ใช่แค่ของหวานหลังมื้ออาหารอีกต่อไป | Dessert Wine: Not Just for After Dinner Anymore,Blog,dessert wine,"sweet wine, dessert wine, ice wine, late harvest wine, wine pairing",Commercial,Explorer,Pairing & Serving,Seasonal,Medium,ไวน์หวาน,Medium,60,P2,Not started,,Pairing guide Season: Holidays.
wine-now,ไวน์ไทย: สิ่งที่ต้องรู้ก่อนซื้อ | Thai Wine: What You Need to Know Before Buying,Blog,Thai wine,"Thai wine, Thailand wine region, Thai wine production, local wine",Informational,Explorer,Education,Evergreen,Medium,ไวน์ไทย,High,60,P2,Not started,,Local angle
liq9,Tasting Notes: วิธีอธิบายสิ่งที่คุณรู้สึก | Tasting Notes: How to Describe Spirits,Guide,spirits tasting notes vocabulary,whisky gin rum tasting terminology,Informational,Enthusiast,Tips & Guides,Evergreen,Medium,บันทึกลิ้มรส,Medium,58,P2,Not started,,Tasting technique vocabulary guide AEO note: Education for spirit enthusiasts
liq9,Whisky & Seafood Pairing Guide | วิสกี้ & อาหารทะเล,Guide,whisky seafood pairing oyster,whisky sashimi pairing regions,Informational,Enthusiast,Pairing & Serving,Seasonal,Medium,วิสกี้ ซีฟู้ด,Medium,58,P2,Not started,,Luxury pairing content AEO note: Premium dining interest
liq9,Whisky Investment: Collecting for Value,Guide,whisky investment collector,whisky bottle value appreciation rare,Commercial,Collector,Spotlights,Evergreen,Low,วิสกี้ลงทุน,Medium,58,P2,Not started,,Whisky investment strategy AEO note: Collector audience very engaged
liq9,Buffalo Trace Bourbon: ทำไมมันจึงเป็นตัวเลือกที่ได้รับการยกย่อง | Buffalo Trace: America's Bourbon Icon,Spotlight,buffalo trace bourbon review,buffalo trace price availability tasting,Commercial,Casual Drinker,Spotlights,Evergreen,Medium,บัฟฟาโล เทรส,Low,55,P2,Not started,,American bourbon standard AEO note: Budget-friendly collector entry point
liq9,Bushmills: Ireland's Oldest Distillery,Spotlight,bushmills whiskey review price,bushmills single malt irish,Commercial,Enthusiast,Spotlights,Evergreen,Medium,บุชมิลส์,Low,55,P2,Not started,,Irish whiskey heritage AEO note: Oldest Irish distillery prestige
wine-now,เย็นไวน์ใน 15 นาที: เทคนิคฉุกเฉินที่ทุกคนควรรู้ | Rapid Chilling: Cool a Warm Wine in 15 Minutes,Blog,quick chill wine,"chill wine fast, rapid wine chilling, ice bucket trick, how to cool wine",Transactional,Explorer,Tips & Guides,Evergreen,Medium,การหล่อไวน์อย่างรวดเร็ว,Low,55,P2,Not started,,Quick tips
liq9,Cognac & Cigar: Luxury Ritual,Blog,cognac cigar pairing elegant,cognac tobacco flavor affinity,Informational,Collector,Pairing & Serving,Evergreen,Medium,โคนยัก บุหรี่,Medium,50,P3,Not started,,Premium gentleman pairing guide AEO note: Luxury lifestyle interest
liq9,Craft Gin Thailand: ท้องถิ่นเหล้าที่กำลังเพิ่มขึ้น | Craft Gin Thailand: The Local Rise,Blog,craft gin thailand local,thai gin distilleries small batch,Informational,Enthusiast,Travel & Experiences,Evergreen,Medium,จินไทย,Medium,50,P3,Not started,,Thailand craft distillery movement AEO note: Growing interest in local spirits
liq9,Craft Spirits Thailand: Local Innovation | เหล้าอุตสาหกรรมทั่วไป ไทย,Blog,craft spirits thailand local distillery,thai spirits small batch artisan,Informational,Enthusiast,Travel & Experiences,Evergreen,Medium,เหล้า handmade ไทย,Medium,50,P3,Not started,,Thailand craft spirits movement AEO note: Growing local spirits movement
liq9,Gin & Cheese: ก้าวพื้นฐาน | Gin & Cheese Pairing,Blog,gin cheese pairing combinations,gin botanical cheese flavors,Informational,Enthusiast,Pairing & Serving,Seasonal,Medium,จิน และ ชีส,Medium,50,P3,Not started,,Unique spirit-food exploration AEO note: Trendy pairing interest
liq9,Ice Types for Spirits: คู่มือสมบูรณ์ | Ice for Spirits: The Complete Guide,Blog,ice cubes crystal ice spheres,spirits serving temperature dilution,Informational,Enthusiast,Tips & Guides,Evergreen,Medium,น้ำแข็ง เหล้า,Medium,50,P3,Not started,,Premium ice guide AEO note: Bartender and home enthusiast interest
liq9,Limited Edition Spirits: Chasing Rarity,Blog,limited edition spirits bottles,rare release collector whisky,Commercial,Collector,Spotlights,Seasonal,Low,เหล้าจำกัด,Medium,50,P3,Not started,,Limited spirit releases AEO note: Collector FOMO interest
liq9,London Dry vs Contemporary Gin: อะไรคือความแตกต่าง | London Dry vs Contemporary Gin: Explained,Blog,london dry gin vs contemporary,gin styles comparison botanicals,Informational,Enthusiast,Education,Evergreen,Medium,จิน London Dry,Medium,50,P3,Not started,,Helps buyers understand gin classification AEO note: Trending in gin category awareness
liq9,Mezcal Oaxaca: ประกอบวัฒนธรรมจิตรกรรม | Mezcal Oaxaca: Spirit & Culture,Blog,mezcal oaxaca traditional,mezcal artisan distillery tradition,Informational,Enthusiast,Travel & Experiences,Evergreen,Medium,เมสกาลโอกาซากา,Medium,50,P3,Not started,,Mezcal artisanal movement content AEO note: Cultural interest in mezcal origins
liq9,Negroni: ประวัติศาสตร์ของอิตาลี | Negroni: Italian Sophistication,Blog,negroni recipe campari gin vermouth,negroni variations bitters ratio,Informational,Enthusiast,Cocktails & Mixing,Evergreen,Medium,เนโกรนี่,Medium,50,P3,Not started,,Sophisticated gin cocktail AEO note: Trending classic cocktail renewal
liq9,Non-Alcoholic Spirits: Zero-Proof Options | เหล้า ไม่มีแอลกอฮอล์,Blog,non-alcoholic spirits mocktail,zero proof distilled spirit substitute,Informational,Casual Drinker,Cocktails & Mixing,Seasonal,Medium,เหล้าไร้แอลกอฮอล์,Medium,50,P3,Not started,,Non-alcoholic spirits alternatives AEO note: Growing health trend interest
liq9,Nose vs. Palate: Tasting Technique,Blog,spirit tasting nose palate finish,whisky tasting method sensory,Informational,Enthusiast,Tips & Guides,Evergreen,Medium,กลิ่น ลิ้มรส,Medium,50,P3,Not started,,Spirits tasting methodology AEO note: Educational tasting content
liq9,Proof vs ABV: ระบบวัดแอลกอฮอล์ที่สับสนมา 200 ปี | Proof vs ABV: The 200-Year-Old Confusion Explained,Blog,proof vs abv,"what is proof alcohol, abv vs proof, alcohol percentage explained, whisky proof meaning",Informational,Casual Drinker,Education,Evergreen,Medium,พรูฟ vs ABV,Medium,50,P3,Published,pipeline/public/content/day5-proof-vs-abv.html,Foundational spirits-literacy explainer; common AI question. [Added: published article had no matching topic row].
liq9,Rare Whisky Market Thailand: ขวดหายาก | Rare Whisky Market Bangkok,Blog,rare whisky thailand collector,whisky auctions premium bottles,Commercial,Collector,Spotlights,Evergreen,Low,วิสกี้หายากประเทศไทย,Medium,50,P3,Not started,,Premium rare bottle guide AEO note: Luxury collector interest
liq9,Rum & Chocolate: ความรักหวาน | Rum & Chocolate: Sweet Harmony,Blog,rum chocolate pairing dessert,rum cocoa flavor affinity,Informational,Casual Drinker,Pairing & Serving,Seasonal,Medium,รัม และ ช็อกโลต,Medium,50,P3,Not started,,Dessert and rum combinations AEO note: Holiday season interest
liq9,Rye Whiskey: America's Spicy Spirit,Blog,rye whiskey american spicy,rye whiskey flavor profile cocktail,Informational,Enthusiast,Education,Evergreen,Medium,ไรย์ วิสกี้,Medium,50,P3,Not started,,American rye whiskey guide AEO note: Growing rye interest for cocktails
liq9,Scotch Whisky Regions: Campbeltown to Islands,Blog,scotch regions speyside highland,islay whisky smoky peaty,Informational,Enthusiast,Education,Evergreen,Medium,ภูมิภาควิสกี้สก็อต,Medium,50,P3,Not started,,Scotch geography guide AEO note: Regional whisky geography education
liq9,Spirits Tourism in Thailand | การท่องเที่ยว เหล้า ไทย,Blog,spirits distillery tour thailand,spirits experience tasting tour,Commercial,Enthusiast,Travel & Experiences,Evergreen,Medium,ท่องเที่ยว เหล้า ไทย,Low,50,P3,Not started,,Thailand spirits tourism destinations AEO note: Emerging spirits tourism interest
liq9,Sustainable Spirits: Eco-Friendly Distilling,Blog,sustainable spirits organic,eco-friendly distillery practice,Informational,Enthusiast,Education,Evergreen,Medium,เหล้าอย่างยั่งยืน,Medium,50,P3,Not started,,Green spirits movement AEO note: Growing sustainability interest
liq9,Tequila & Citrus: ส่วนผสม | Tequila & Citrus: Natural Partnership,Blog,tequila citrus pairing lime,tequila fresh fruit flavors,Informational,Casual Drinker,Pairing & Serving,Seasonal,Medium,เทกีล่า และ มะนาว,Medium,50,P3,Not started,,Fresh tequila pairing guide AEO note: Summer entertaining interest
liq9,Tequila Sunrise: ประวัติศาสตร์ของคอกเทล | Tequila Sunrise: Cocktail History,Blog,tequila sunrise recipe history,tequila cocktail mixing techniques,Informational,Casual Drinker,Cocktails & Mixing,Seasonal,Medium,คอกเทลทีคิล่า,Medium,50,P3,Not started,,Classic tequila drink education AEO note: Trending cocktail question in summer
liq9,Vintage Spirits: Understanding Vintages,Blog,vintage spirits aging bottling,whisky vintage year difference,Informational,Collector,Education,Evergreen,Medium,เหล้าวินเทจ,Medium,50,P3,Not started,,Vintage spirits knowledge AEO note: Collector education interest
liq9,XO vs VS Cognac: อธิบายการจำแนก | Cognac Classifications Explained: VS XO VSOP,Blog,cognac age classifications VS XO,cognac aging barrel difference quality,Informational,Enthusiast,Tips & Guides,Evergreen,Medium,โคนยักจำแนก,Medium,50,P3,Not started,,Explains cognac quality tiers AEO note: Frequent buyer question about cognac
liq9,กระบวนการผลิตวิสกี้: จากข้าวบาร์เลย์ถึงแก้ว | Whisky Production: From Barley to Glass,Blog,whisky production process distillation,how is whisky made fermentation aging,Informational,Enthusiast,Education,Evergreen,Medium,วิสกี้ผลิตอย่างไร,Medium,50,P3,Not started,,Educational content for enthusiasts AEO note: Great for AI citation from distillery sources
liq9,จินต้องรู้: Botanicals และความหมายของสิ่งเหล่านั้น | Gin Botanicals Explained: Flavor & Meaning,Blog,gin botanicals juniper,botanical flavors gin tasting notes,Informational,Enthusiast,Tips & Guides,Evergreen,Medium,สมุนไพรจิน,Medium,50,P3,Not started,,Supports gin tasting education AEO note: Educational content for gin enthusiasts
liq9,ที่อยู่อาศัยแท่งสำหรับ: สมดุล | Home Bar Basics: Building Your Collection,Blog,home bar setup spirits equipment,home bar essentials tools recipes,Informational,Casual Drinker,Tips & Guides,Evergreen,Medium,บาร์บ้าน,Medium,50,P3,Not started,,DIY home bar setup guide AEO note: Growing trend for home entertaining
liq9,ปัญญา: ทำความเข้าใจถึง Mezcal vs Tequila,Blog,mezcal vs tequila differences,mezcal distillation oaxaca agave,Informational,Enthusiast,Education,Evergreen,Medium,เมสกาล,Medium,50,P3,Not started,,Educates on mezcal distinction AEO note: Growing interest in mezcal category
liq9,วิสกี้อายุเท่าไหร่ดี: การเลือกตามอายุคำแถลง | Whisky Age: What's Right for You?,Blog,whisky age statement importance,how to read age statements vintage year,Informational,Casual Drinker,Tips & Guides,Evergreen,Medium,วิสกี้อายุแค่ไหน,Medium,50,P3,Not started,,Helps consumers understand age labeling AEO note: Trending question for gift buyers in Thailand
liq9,เหล้ากระท้อน vs เหล้าเบา | Dark Rum vs Light Rum: Differences,Blog,dark rum vs light rum,rum types molasses color aging,Informational,Casual Drinker,Tips & Guides,Evergreen,Medium,รัมสีแดง สีขาว,Medium,50,P3,Not started,,Clarifies rum color and flavor relationship AEO note: Common question from rum beginners
liq9,โบโลง vs สิลเวอร์เทกีล่า | Blanco vs Reposado vs Añejo Tequila,Blog,tequila types aging blanco reposado,tequila classification barrel aging flavor,Informational,Enthusiast,Education,Evergreen,Medium,ประเภทเทกีล่า,Medium,50,P3,Not started,,Explains tequila maturation categories AEO note: Educational content for tequila buyers
wine-now,Acidity ในไวน์: ทำไมความเปรี้ยวคือสัญญาณที่ดี (และจับคู่อาหารไทยได้ดี) | Acidity in Wine: The Freshness Factor,Blog,wine acidity,"acidity in wine, wine freshness, acidic wines, wine taste profile, fresh wine",Informational,Explorer,Education,Evergreen,Medium,ความเป็นกรด,Medium,50,P3,Published,pipeline/public/content/day2-wine-acidity.html,Tasting fundamentals
wine-now,Sommelier คือใคร และเขาช่วยคุณได้อย่างไร | Wine Sommeliers: Who They Are and Why You Need One,Blog,sommelier,"wine expert, sommelier certification, wine consultant, wine advisor",Informational,Enthusiast,Tips & Guides,Evergreen,Medium,sommelier,Medium,50,P3,Not started,,Professional guide
wine-now,Tannin คืออะไร และทำไมไวน์บางขวดทำให้ฝาดในปาก | Tannins Explained: Why Your Wine Tastes Dry,Blog,wine tannins,"what are tannins, tannin in wine, dry wine explanation, tannin profile, wine body",Informational,Explorer,Education,Evergreen,Medium,เทวิน,Medium,50,P3,Published,pipeline/public/content/day2-tannin.html,Sensory education
wine-now,Wine Club: คุ้มค่าเงินหรือเปล่า | Wine Clubs: Are They Worth Your Money,Blog,wine club,"wine club subscription, wine of the month club, wine membership",Commercial,Enthusiast,Tips & Guides,Evergreen,Medium,ไวน์คลับ,Low,50,P3,Not started,,Shopping guide
wine-now,คะแนนไวน์: ความแตกต่างระหว่าง Score กับ Opinion | Wine Ratings Demystified: Scores vs Opinions,Blog,wine ratings,"wine scores, wine reviews, wine rating system, wine criticism",Informational,Enthusiast,Education,Evergreen,Medium,การให้คะแนนไวน์,Medium,50,P3,Not started,,Educational content
wine-now,ซื้อไวน์ก่อนออกขาย: ทำความเข้าใจ En Primeur | Wine Futures: How to Buy Wine Before It's Released,Blog,wine futures,"wine futures, en primeur, barrel samples, wine pre-order",Commercial,Collector,Tips & Guides,Seasonal,Medium,ไวน์ล่วงหน้า,Low,50,P3,Not started,,Collector guide Season: Fall.
wine-now,นักทำไวน์หญิง: ผู้ผลิตสตรีที่กำลังเปลี่ยนวงการ | Woman Winemakers: Female Producers Changing the Industry,Blog,female winemakers,"woman sommelier, women in wine, female wine producer, female winemakers",Informational,Enthusiast,Spotlights,Evergreen,Medium,นักผลิตไวน์หญิง,Medium,50,P3,Not started,,Diversity content
wine-now,"บอดี้ไวน์: ความแตกต่างระหว่าง Light, Medium และ Full-Bodied | Wine Body: Light Medium or Full-Bodied",Blog,wine body,"light bodied wine, full bodied wine, wine weight, wine texture, wine mouthfeel",Informational,Explorer,Education,Evergreen,Medium,บอดี้ไวน์,Medium,50,P3,Not started,,Sensory education
wine-now,ราคาไวน์: ทำไมบางขวดถึงแพงกว่าที่คาด | Wine Pricing: Why Some Bottles Cost More Than Others,Blog,wine prices,"wine price, expensive wine, wine value, wine cost",Informational,Enthusiast,Education,Evergreen,Medium,ราคาไวน์,Medium,50,P3,Not started,,Educational content
wine-now,วิทยาศาสตร์การจับคู่อาหาร: ทำไมไวน์กับอาหารถึงเข้ากันได้ | Food Pairing Science: Why Wine and Food Work Together,Blog,food pairing science,"wine pairing rules, food pairing chemistry, wine food combinations, pairing guide",Informational,Enthusiast,Education,Evergreen,Medium,วิทยาศาสตร์การผสม,Medium,50,P3,Not started,,Educational content
wine-now,สมาชิกไวน์รายเดือน: คุ้มค่าจริงไหมที่จะสั่งแบบ Recurring | Wine Subscriptions: Is Recurring Delivery Worth It,Blog,wine subscription,"wine subscription box, monthly wine club, wine delivery subscription",Commercial,Explorer,Tips & Guides,Evergreen,Medium,สมัครสมาชิกไวน์,Low,50,P3,Not started,,Shopping guide
wine-now,ห้องเก็บไวน์: ออกแบบพื้นที่จัดเก็บในฝันของคุณ | Wine Cellar Design: Creating Your Perfect Wine Storage,Blog,wine storage design,"wine cellar, wine fridge, wine storage, wine cabinet design",Commercial,Collector,Tips & Guides,Evergreen,Medium,การออกแบบห้องเก็บไวน์,Low,50,P3,Not started,,Collector content
wine-now,ไวน์กล่อง: ทำลายมายาคติว่ามันถูกและไม่ดีเสมอไป | Boxed Wine: Dispelling the Myth It's Always Cheap,Blog,boxed wine,"box wine, wine in a box, affordable wine, budget wine",Commercial,Explorer,Tips & Guides,Evergreen,Medium,ไวน์กล่อง,Low,50,P3,Not started,,Budget guide
wine-now,ไวน์เต็มตัวไม่ได้แปลว่าดีกว่า: ทำความเข้าใจคุณภาพไวน์อย่างถูกต้อง | Full-Bodied Doesn't Mean Better: A Lesson on Wine Quality,Blog,wine quality assessment,"wine quality, how to evaluate wine, wine rating system, wine scoring",Informational,Enthusiast,Education,Evergreen,Medium,การประเมินคุณภาพไวน์,Medium,50,P3,Not started,,Educational content
liq9,Rémy Martin Louis XIII: The Ultimate Cognac,Spotlight,remy martin louis xiii cognac,louis xiii price investment rare baccarat,Commercial,Collector,Spotlights,Seasonal,Low,เรมี มาร์ติน,Low,45,P3,Not started,,Collector-grade investment spirit AEO note: Rarest cognac in AI luxury searches
liq9,Female Distillers: Women in Spirits | ผู้หญิง สุราผู้ผลิต,Blog,female master distiller women spirits,women whisky gin producer,Informational,Enthusiast,Spotlights,Evergreen,Medium,ผู้หญิงในอุตสาหกรรมเหล้า,Low,40,P3,Not started,,Women in spirits movement AEO note: Gender diversity in spirits interest
liq9,Spirits & Health: Moderate Consumption,Blog,spirits health benefits moderation,alcohol consumption guidelines,Informational,Casual Drinker,Education,Evergreen,Medium,เหล้า สุขภาพ,Low,40,P3,Not started,,Responsible spirits consumption AEO note: Health-conscious consumer interest
liq9,Spirits Auction Guide: Building Collections,Blog,spirits auction buying collector,whisky auction bidding strategy,Commercial,Collector,Tips & Guides,Seasonal,Low,การประมูลเหล้า,Low,40,P3,Not started,,Spirits auction strategies AEO note: Auction interest among collectors
liq9,Storage: วิธีรักษาแก้ว | Spirits Storage: Preserve Your Collection,Blog,spirits storage cabinet temperature,whisky storage light cork,Informational,Collector,Tips & Guides,Evergreen,Medium,เก็บเหล้า,Low,40,P3,Not started,,Proper storage techniques AEO note: Collector preservation interest
liq9,Temperature & Serving: วิธีการที่เหมาะสม | Proper Spirit Serving: Temperature Guide,Blog,spirit serving temperature chill,whisky neat rocks temperature,Informational,Casual Drinker,Tips & Guides,Evergreen,Medium,อุณหภูมิ เหล้า,Low,40,P3,Not started,,Spirit serving best practices AEO note: Basic serving knowledge
liq9,วอดก้าสาร | Vodka Explained: Neutral Spirit Mastery,Blog,vodka types production,vodka distillation smoothness brands,Informational,Casual Drinker,Education,Evergreen,Medium,วอดก้า,Low,40,P3,Not started,,Vodka fundamentals content AEO note: Basic vodka education queries
wine-now,Sulfites ในไวน์: คืออะไร และทำไมถึงสำคัญ | Sulfites in Wine: What They Are and Why They Matter,Blog,sulfites wine,"sulfites wine, preservatives in wine, wine additives, natural wine",Informational,Enthusiast,Education,Evergreen,Medium,ซัลไฟต์ในไวน์,Low,40,P3,Not started,,Educational content
wine-now,Tasting Journal: ทำไม Sommelier ทุกคนถึงจดบันทึกไวน์ | The Wine Journal: Why Every Sommelier Keeps Notes,Blog,wine tasting journal,"wine journal, wine tasting notes, wine log, wine diary, wine record",Informational,Enthusiast,Tips & Guides,Evergreen,Medium,วารสารไวน์,Low,40,P3,Not started,,Lifestyle guide
wine-now,ขนาดขวดไวน์: แต่ละขนาดเหมาะกับโอกาสไหน | Wine Bottle Sizes Explained: Which Bottle for What Occasion,Blog,wine bottle sizes,"wine bottle sizes, magnum bottle, wine bottle guide, bottle sizes meaning",Informational,Explorer,Tips & Guides,Evergreen,Medium,ขนาดขวดไวน์,Low,40,P3,Not started,,Reference guide
wine-now,ซื้อไวน์จำนวนมาก: ซื้ออย่างไรให้คุ้มค่าสำหรับคนดื่มประจำ | Bulk Wine: Buying Smart for Regular Drinkers,Blog,bulk wine purchase,"wholesale wine, wine bulk buying, discount wine, wine in bulk",Commercial,Explorer,Tips & Guides,Evergreen,Low,ซื้อไวน์จำนวนมาก,Low,40,P3,Not started,,Shopping guide
wine-now,ปริมาณแอลกอฮอล์ในไวน์: สิ่งที่คุณต้องรู้ | Wine Alcohol Content: What You Need to Know,Blog,wine alcohol content,"alcohol percentage in wine, ABV wine, wine strength, alcohol level",Informational,Explorer,Education,Evergreen,Medium,ปริมาณแอลกอฮอล์,Low,40,P3,Not started,,Educational content
wine-now,ศิลปะบนฉลากไวน์: เทรนด์งานออกแบบที่นักสะสมตามหา | Wine Label Art: The Design Trends Collectors Actually Buy,Blog,wine label design,"wine label design, wine packaging, wine bottle design, wine aesthetics",Informational,Enthusiast,Spotlights,Evergreen,Medium,ออกแบบป้ายไวน์,Low,40,P3,Not started,,Lifestyle content
wine-now,สารก่อภูมิแพ้ในไวน์: สิ่งที่ต้องรู้ก่อนซื้อ | Wine Allergens: What You Need to Know Before You Buy,Blog,wine allergens,"wine allergies, sulfites in wine, wine allergens, wine intolerances",Informational,Explorer,Tips & Guides,Evergreen,Medium,สารก่อภูมิแพ้ในไวน์,Low,40,P3,Not started,,Health guide
wine-now,อุณหภูมิเสิร์ฟไวน์: เย็นแค่ไหนถึงจะดีที่สุด | Serving Temperature: Does Cold Always Mean Fresh,Blog,wine serving temperature,"wine serving temperature, how cold should wine be, red wine serving temperature, white wine serving temperature",Informational,Explorer,Tips & Guides,Evergreen,Medium,อุณหภูมิการรับประทาน,Low,40,P3,Not started,,Practical guide
wine-now,แก้วไวน์: คุณต้องการแค่ 2 แบบนี้เท่านั้น | The Glassware Truth: You Only Need Two Wine Glasses,Blog,wine glasses,"wine glass types, wine glass guide, stemware guide, wine glass shapes",Informational,Explorer,Tips & Guides,Evergreen,Medium,แกลสแวร์,Low,40,P3,Not started,,Practical guide
wine-now,ไวน์ราคาแพง: อะไรที่ทำให้มันคุ้มค่าราคานั้น | Premium Wine Pricing: What Justifies the Price Tag,Blog,expensive wine,"luxury wine, premium wine, high price wine, wine investment",Informational,Collector,Education,Evergreen,Medium,ไวน์ราคาแพง,Low,40,P3,Not started,,Luxury content
wine-now,ไวน์เสริมแอลกอฮอล์: เกินกว่าแค่ Port และ Sherry | Fortified Wine: Beyond Port and Sherry,Blog,fortified wine,"fortified wine, port wine, sherry wine, dessert wine, sweet wine",Informational,Enthusiast,Education,Evergreen,Medium,ไวน์เสริมแรง,Low,40,P3,Not started,,Educational content
wine-now,ไวน์เสีย: วิธีรู้ว่าเสียก่อนจะดื่ม | Wine Gone Bad: How to Tell Before You Drink,Blog,spoiled wine,"bad wine, wine defects, corked wine, undrinkable wine, wine damage",Informational,Explorer,Tips & Guides,Evergreen,Medium,ไวน์ที่เสีย,Low,40,P3,Not started,,Practical guide
liq9,Campbeltown Whisky: Historical Revival,Blog,campbeltown scotch whisky revival,campbeltown distilleries springbank,Informational,Enthusiast,Education,Evergreen,Low,วิสกี้ Campbeltown,Low,30,P3,Not started,,Small region historical content AEO note: Niche whisky history interest
liq9,Spirits Regulations: Thailand's Rules | กฎหมายเหล้า ไทย,Blog,spirits import regulations thailand,thai alcohol laws regulations,Informational,Enthusiast,Education,Evergreen,Low,กฎหมายเหล้า,Low,30,P3,Not started,,Thailand spirits regulations AEO note: Business/legal compliance interest
wine-now,จุกคอร์ก vs ฝาเกลียว: แบบไหนดีกว่ากัน | Wine Cork vs Screw Cap: Which Is Better,Blog,wine closures,"cork vs screw cap, wine closure types, cork quality, wine sealing",Informational,Explorer,Education,Evergreen,Low,ไวน์ปิดกั้น,Low,30,P3,Not started,,Educational content
wine-now,บริจาคไวน์: ทำอะไรกับขวดเก่าที่ไม่ต้องการแล้ว | Wine Donation: Where to Give Your Old Bottles,Blog,wine donation,"donate wine, wine charity, wine recycling, wine disposal",Informational,Collector,Tips & Guides,Evergreen,Low,บริจาคไวน์,Low,30,P3,Not started,,Niche guide
wine-now,ปลูกองุ่นที่บ้าน: สิ่งที่ต้องคิดก่อนเริ่มต้น | Growing Wine at Home: Before You Plant That Vineyard,Blog,home wine growing,"homemade wine, wine grapes, growing grapes, home vineyard",Informational,Collector,Tips & Guides,Evergreen,Low,ปลูกไวน์ที่บ้าน,Low,30,P3,Not started,,Niche guide
wine-now,เปิดขวดไวน์อย่างถูกต้อง: มีและไม่มี Corkscrew | Opening Wine: The Correct Way With and Without a Corkscrew,Blog,how to open wine,"open wine bottle, corkscrew alternatives, wine opener, cork removal",Informational,Explorer,Tips & Guides,Evergreen,Low,การเปิดไวน์,Low,30,P3,Not started,,Practical guide
wine-now,ไวน์ Oxidize: ทำไมถึงเกิด และป้องกันอย่างไร | Wine Oxidation: Why Bottles Sometimes Go Bad,Blog,wine oxidation,"oxidized wine, wine spoilage, corked wine, wine defects",Informational,Enthusiast,Tips & Guides,Evergreen,Low,ไวน์ออกซิเดชัน,Low,30,P3,Not started,,Technical guide
