Topic Title (Thai | EN),Content Type,Primary Keyword,Long-tail Keywords,Search Intent,Buyer Persona,Category,Seasonality,Est. Search Volume,Thai Language Keyword,AI Citation Opportunity,Notes
ไวน์โลก 101: ยืนหนึ่งในการเลือกไวน์ของคุณ | Wine 101: Your Ultimate Wine Buying Guide,Pillar,wine buying guide for beginners,"how to choose wine, wine selection guide, beginner wine tips, wine for first-timers, wine basics",Informational,Explorer,Education,Evergreen,High,คำแนะนำการซื้อไวน์,High,Foundational pillar content
โลกแดงกับโลกขาว: ความแตกต่างและวิธีเลือก | Red vs White: What Makes Them Different,Blog,red wine vs white wine,"red wine vs white wine, wine color differences, when to drink red wine, when to drink white wine",Informational,Explorer,Education,Evergreen,High,ไวน์แดงกับไวน์ขาว,High,Core educational content
ทำความเข้าใจเทวิน: ทำไมขนาดของไวน์ถึงสำคัญ | Tannins Explained: Why Your Wine Tastes Dry,Blog,wine tannins,"what are tannins, tannin in wine, dry wine explanation, tannin profile, wine body",Informational,Explorer,Education,Evergreen,Medium,เทวิน,Medium,Sensory education
เอกซิดิตี้ในไวน์: ความสดใสที่คุณต้องรู้ | Acidity in Wine: The Freshness Factor,Blog,wine acidity,"acidity in wine, wine freshness, acidic wines, wine taste profile, fresh wine",Informational,Explorer,Education,Evergreen,Medium,ความเป็นกรด,Medium,Tasting fundamentals
บอดี้ไวน์: เต็มตัว เบา หรือกลาง | Wine Body: Light Medium or Full-Bodied,Blog,wine body,"light bodied wine, full bodied wine, wine weight, wine texture, wine mouthfeel",Informational,Explorer,Education,Evergreen,Medium,บอดี้ไวน์,Medium,Sensory education
เลเบลไวน์ถูกถอดรหัส: ข้อมูลที่คุณต้องรู้ | Wine Labels Decoded: What Every Symbol Means,Blog,wine label terms,"wine label meaning, wine label terms, wine classification, appellation, vintage year",Informational,Explorer,Education,Evergreen,High,ข้อมูลบนเลเบลไวน์,High,Practical guide
ภูมิศาสตร์ไวน์ 101: บอร์กุนดี โลแวร์ และอื่นๆ | Wine Geography: Bordeaux Burgundy and Beyond,Pillar,wine regions,"wine regions, wine geography, wine terroir, French wine regions, wine classification by region",Informational,Enthusiast,Education,Evergreen,High,ภูมิศาสตร์ไวน์,High,Regional education
ไวน์บอร์กุนดี: ผู้ผลิตที่ต้องลองชิม | Bordeaux Wine: Why It Matters and What to Taste,Blog,Bordeaux wine,"Bordeaux wine, Bordeaux classification, Bordeaux regions, left bank vs right bank",Informational,Enthusiast,Spotlights,Seasonal (Fall),High,ไวน์บอร์กุนดี,High,Regional spotlight
ไวน์บูร์กุนดี: จิตใจของฝรั่งเศส | Burgundy Wine: The Heart of French Wine Country,Blog,Burgundy wine,"Burgundy wine region, Pinot noir Burgundy, Chardonnay Burgundy, Burgundy classification",Informational,Enthusiast,Spotlights,Seasonal (Fall),High,ไวน์บูร์กุนดี,High,Regional spotlight
เชมเปญ vs ไวน์ฟิซซี่: สิ่งที่ต่างกัน | Champagne vs Sparkling: What's the Real Difference,Blog,Champagne sparkling wine,"Champagne vs prosecco, champagne vs sparkling wine, sparkling wine guide, champagne region",Informational,Explorer,Education,Seasonal (Holidays),High,แชมเปญ,Medium,Holiday-focused
ไวน์ธรรมชาติ: แนวโน้มใหม่หรือการกลับมาสู่รากเหง้า | Natural Wine: Trend or Traditional Return,Blog,natural wine,"natural wine, natural wine guide, natural wine benefits, what is natural wine, orange wine",Informational,Enthusiast,Spotlights,Evergreen,High,ไวน์ธรรมชาติ,High,Trendy educational content
ไวน์ชอหลาย: ความสมบูรณ์ไม่ได้หมายความว่าสัมพันธ์ | Full-Bodied Doesn't Mean Better: A Lesson on Wine Quality,Blog,wine quality assessment,"wine quality, how to evaluate wine, wine rating system, wine scoring",Informational,Enthusiast,Education,Evergreen,Medium,การประเมินคุณภาพไวน์,Medium,Educational content
ไวน์ที่ดีเยี่ยมจากทั้งโลก | The World's Best Wine Regions: A Global Tour,Pillar,best wine regions in the world,"wine regions, world wine regions, wine countries, wine tourism, wine geography",Informational,Enthusiast,Travel,Evergreen,High,ภูมิศาสตร์ไวน์,High,Travel-focused
นาปา 2023: ปีที่ยอดเยี่ยมที่สุดหรือจากปีกลับไปเชื่อม | Napa 2023: A Vintage for the Ages,Blog,Napa Valley 2023 vintage,"Napa Valley wine, California wine 2023, Napa vintage 2023, Cabernet Sauvignon Napa",Informational,Enthusiast,Spotlights,Seasonal (Fall/Winter),High,นาปา 2023,High,Vintage assessment
ไวน์กลั่นไทยศตวรรษที่ 2: คำเตือนสำหรับครอบครัว | Thai Wine: What You Need to Know Before Buying,Blog,Thai wine,"Thai wine, Thailand wine region, Thai wine production, local wine",Informational,Explorer,Education,Evergreen,Medium,ไวน์ไทย,High,Local angle
ห้องเก็บไวน์ในบ้านของคุณ: วิธีเก็บรักษา | Wine Cellar Storage: How to Keep Wine Fresh at Home,Blog,wine storage,"wine storage, how to store wine, wine temperature, wine rack, wine cabinet",Informational,Collector,Tips,Evergreen,High,การเก็บรักษาไวน์,Medium,Practical guide
เหรือใจจะเปิดไวน์ได้? คำแนะนำเบื้องต้น | Wine Bottle Sizes Explained: Which Bottle for What Occasion,Blog,wine bottle sizes,"wine bottle sizes, magnum bottle, wine bottle guide, bottle sizes meaning",Informational,Explorer,Tips,Evergreen,Medium,ขนาดขวดไวน์,Low,Reference guide
การสัก: ใครต้องการและวิธีการทำ | Decanting Wine: Why and How to Do It Right,Blog,how to decant wine,"wine decanting, decanter, how long to decant, wine sediment, decanting process",Informational,Enthusiast,Tips,Evergreen,High,การสัก,Medium,Technique guide
ชิมไวน์อย่างปลอดภัย: โน้ตการชิม 101 | Wine Tasting Notes: How to Identify Flavors Like a Pro,Blog,wine tasting notes,"wine tasting, wine flavor notes, wine taste vocabulary, wine tasting guide",Informational,Enthusiast,Education,Evergreen,High,โน้ตการชิม,Medium,Educational guide
อุณหภูมิการรับประทาน: ความหนาวเย็นไม่ได้แปลว่าสดชื่น | Serving Temperature: Does Cold Always Mean Fresh,Blog,wine serving temperature,"wine serving temperature, how cold should wine be, red wine serving temperature, white wine serving temperature",Informational,Explorer,Tips,Evergreen,Medium,อุณหภูมิการรับประทาน,Low,Practical guide
สุดทางด่วนการหล่อ: ไวน์เย็นใน 15 นาที | Rapid Chilling: Cool a Warm Wine in 15 Minutes,Blog,quick chill wine,"chill wine fast, rapid wine chilling, ice bucket trick, how to cool wine",Transactional,Explorer,Tips,Evergreen,Medium,การหล่อไวน์อย่างรวดเร็ว,Low,Quick tips
แกลสแวร์: คุณเพียงแค่ต้องสองอย่าง | The Glassware Truth: You Only Need Two Wine Glasses,Blog,wine glasses,"wine glass types, wine glass guide, stemware guide, wine glass shapes",Informational,Explorer,Tips,Evergreen,Medium,แกลสแวร์,Low,Practical guide
ไวน์จับคู่กับอาหารไทย: 5 การผสมสำหรับวัตถุประสงค์ | Thai Street Food x Wine: 5 Pairings That Work,Blog,wine food pairing Thai,"wine pairing Thai food, wine and Thai cuisine, Pad Thai wine pairing, Thai food wine selection",Commercial,Enthusiast,Pairing,Seasonal (Summer),High,การผสมไวน์กับอาหารไทย,High,Lifestyle content
ไม่รู้เลย vs เบอร์นาร์ด: คำแนะนำการผสม | Moo Kata x Wine: 6 Bottles That Match This Summer BBQ,Blog,wine pairing BBQ,"wine pairing BBQ, Korean BBQ wine, meat pairing wine, grilled meat wine",Commercial,Enthusiast,Pairing,Seasonal (Summer),High,ผสมไวน์กับ BBQ,High,Lifestyle content
ฉีดวัคซีน x ไวน์: ไวน์ของนอร์มัลไซเซชั่นที่ไม่ค่อยมี | Pizza Night x Wine: Lambrusco The Hero No One Talks About,Blog,wine pairing pizza,"wine and pizza, Lambrusco pizza, Italian wine pizza pairing, casual wine pairings",Commercial,Explorer,Pairing,Seasonal (Anytime),Medium,ผสมไวน์กับพิซซ่า,Medium,Lifestyle content
สาหร่ายอาหาร x ไวน์: ความซับซ้อน | Bangkok Seafood x Wine: Practical Pairings for Thai Coastal Flavors,Blog,wine pairing seafood,"wine seafood pairing, white wine seafood, Thai seafood wine, coastal cuisine wine",Commercial,Enthusiast,Pairing,Seasonal (Summer),High,ผสมไวน์กับอาหารทะเล,High,Lifestyle content
ไวน์ เนื้อ และสาขา: ปลายตัว 3 ไวน์ | Cheese Board x Wine 2026: The Rules That Actually Work,Blog,wine cheese pairing,"wine cheese pairing, cheese and wine combination, best wine cheese pairings, French wine cheese",Commercial,Enthusiast,Pairing,Seasonal (Holidays),High,ผสมไวน์กับชีส,Medium,Lifestyle content
บ้านท่ศาลเวียตนามและไวน์: 5 คู่ที่มีอีกห้าประเทศ | Vegetarian Thai Food x Wine: The Complexity Everyone Overlooked,Blog,wine pairing vegetarian,"wine vegetarian pairing, meat-free wine pairing, vegetarian wine guide",Commercial,Enthusiast,Pairing,Seasonal (Anytime),Medium,ผสมไวน์กับอาหารเจ,Medium,Lifestyle content
ทัศนศึกษาไวน์: ผู้ที่ส่วนใหญ่เยี่ยมชม Khao Yai | Thai Wine Tourism: What Most Visitors to Khao Yai Still Miss,Blog,wine tourism Thailand,"wine tourism Thailand, Thai wine regions, wine tasting tours Thailand, Khao Yai wine",Commercial,Explorer,Travel,Seasonal (Holidays),High,ทัศนศึกษาไวน์,High,Travel-focused
ไวน์บาร์ซ่อน: สถานที่ท่อน 10 อันดับแรกของ Bangkok | Bangkok's Hidden Wine Bars: The Top 10 Spots No One Talks About,Pillar,wine bars Bangkok,"Bangkok wine bars, wine bars Thailand, Bangkok wine tasting, wine lounge Bangkok",Commercial,Enthusiast,Travel,Evergreen,High,ไวน์บาร์กรุงเทพ,High,Travel guide
ไวน์ทัศนศึกษา: ประวัติศาสตร์ของไวน์ที่มองไม่เห็น | Wine Tourism in Thailand: Hidden Gems Beyond Bangkok,Blog,wine travel Thailand,"wine tour Thailand, wine tasting tour, wine region tour, vineyard tour Thailand",Commercial,Enthusiast,Travel,Seasonal (Nov-Feb),High,ทัศนศึกษาไวน์,High,Travel content
นาปา 2023: ทำให้ดีขึ้น ทำให้ดีขึ้น และให้ชมชี่ | Napa 2023 Vintage: A Vintage for the Ages,Blog,Napa 2023,"Napa Valley wine 2023, best Napa wines 2023, Cabernet 2023, Napa Sauvignon Blanc 2023",Informational,Collector,Spotlights,Seasonal (Fall/Winter),High,นาปา 2023,High,Vintage spotlight
ไร่เพาจิลลาก: ทัศนศึกษาส่วนตัวหลาย | Pauillac to Saint-Emilion: Private Tasting Tour Insights,Blog,Bordeaux wine tasting,"Bordeaux tasting experience, Pauillac wine, Margaux wine, Bordeaux wine tour",Commercial,Collector,Travel,Seasonal (Fall/Winter),Medium,ทัศนศึกษา Bordeaux,High,Travel content
ปีที่ดีและปีที่แย่: การทำความเข้าใจปี Vintage | Vintage Year: When the Number Matters and When It Doesn't,Blog,vintage year wine,"vintage wine, wine vintage guide, vintage year meaning, old wine, wine age",Informational,Enthusiast,Education,Evergreen,High,ปีวินเทจ,Medium,Educational content
ไวน์วารสาร: ทำไมนักสรุป Sommelier ทุกคนจึง | The Wine Journal: Why Every Sommelier Keeps Notes,Blog,wine tasting journal,"wine journal, wine tasting notes, wine log, wine diary, wine record",Informational,Enthusiast,Tips,Evergreen,Medium,วารสารไวน์,Low,Lifestyle guide
ชิมไวน์ตาบอด: คำแนะนำสำหรับการเป็นเจ้าบ้าน | Host a Blind Tasting at Home: The Complete Guide,Blog,blind wine tasting,"blind tasting, wine tasting game, hosting wine tasting, wine tasting at home",Commercial,Enthusiast,Tips,Seasonal (Holidays),Medium,ชิมไวน์ตาบอด,Medium,Entertainment guide
ซื้อไวน์ออนไลน์ในประเทศไทย: รายการตรวจสอบ | Buying Wine Online in Thailand: The Checklist You Need,Blog,buy wine online Thailand,"online wine shopping, wine delivery Thailand, buy wine Bangkok, Thai wine shopping",Transactional,Explorer,Tips,Evergreen,High,ซื้อไวน์ออนไลน์,High,Shopping guide
ไวน์ใหม่: ตัวกำหนดไวน์เรือนเก่า | The New Wave: Young Winemakers Rewriting Old World Rules,Blog,young winemakers,"natural wine, biodynamic wine, young winemakers, wine innovation, wine trends",Informational,Enthusiast,Spotlights,Seasonal (Spring/Fall),High,นักผลิตไวน์รุ่นใหม่,High,Trendy content
สวนองุ่นสวยงาม: ก่อนคิดการปลูกไวน์ที่บ้าน | Growing Wine at Home: Before You Plant That Vineyard,Blog,home wine growing,"homemade wine, wine grapes, growing grapes, home vineyard",Informational,Collector,Tips,Evergreen,Low,ปลูกไวน์ที่บ้าน,Low,Niche guide
ไวน์คลาสสิก: คนใช้ Chateau Margaux ตามเวลา | Chateau Margaux: A 50-Year Journey in Bottles,Blog,Chateau Margaux,"Chateau Margaux wine, Bordeaux first growth, wine investment, collectible wine",Informational,Collector,Spotlights,Seasonal (Anytime),Medium,Chateau Margaux,High,Collector content
ออกแบบป้ายคำแปลอาจารย์: เข้าหาความสุข | Wine Label Art: The Design Trends Collectors Actually Buy,Blog,wine label design,"wine label design, wine packaging, wine bottle design, wine aesthetics",Informational,Enthusiast,Spotlights,Evergreen,Medium,ออกแบบป้ายไวน์,Low,Lifestyle content
เอกสารไวน์: ทำไม Sommelier ทำให้ปกติ | Wine Certificates & Authenticity: How to Spot a Fake,Blog,wine authenticity,"counterfeit wine, wine authentication, wine certification, fake wine",Informational,Collector,Tips,Evergreen,Medium,ความแท้ของไวน์,High,Collector guide
ปลายแบบไวน์: บัญชีสำหรับทุกคน | Wine Types Beyond Cabernet: A Complete Spectrum,Blog,wine varieties,"wine types, grape varieties, wine selection, wine styles",Informational,Explorer,Education,Evergreen,High,ชนิดไวน์,Medium,Educational content
ไวน์ขาว Sauvignon Blanc vs Chardonnay: ความแตกต่างอธิบาย | Sauvignon Blanc vs Chardonnay: Which White Wine Is Right for You,Blog,white wine comparison,"Sauvignon Blanc, Chardonnay, white wine differences, wine comparison",Commercial,Explorer,Education,Evergreen,High,ไวน์ขาวเปรียบเทียบ,Medium,Educational content
ไวน์แดง Pinot Noir vs Cabernet: ความปกติที่เป็นเท็จ | Pinot Noir vs Cabernet: Beyond the Age-Old Debate,Blog,red wine comparison,"Pinot Noir Cabernet comparison, red wine varieties, wine selection",Commercial,Explorer,Education,Evergreen,High,ไวน์แดงเปรียบเทียบ,Medium,Educational content
ไวน์ rosé: ไม่ใช่แค่เครื่องดื่มฤดูร้อน | Rosé Wine: More Than Just a Summer Drink,Blog,rose wine,"Rosé wine, summer wine, light wine, refreshing wine, Provence wine",Commercial,Explorer,Pairing,Seasonal (Summer),High,ไวน์โรเซ,Medium,Seasonal content
โปรเสेโค vs Champagne: ค่านอก | Prosecco vs Champagne: The Budget-Friendly Alternative Explained,Blog,prosecco vs champagne,"Prosecco, Italian sparkling wine, cheap champagne, prosecco wine",Commercial,Explorer,Education,Seasonal (Holidays),High,โปรเสคโกต่อแชมเปญ,Medium,Comparison guide
Champagne: ผู้ผลิตที่ต้องลองหมายความว่าคุณ | Champagne Producers You Should Know Before You Celebrate,Blog,champagne brands,"Dom Pérignon, Veuve Clicquot, Moët & Chandon, champagne brands, luxury champagne",Commercial,Enthusiast,Spotlights,Seasonal (Holidays),High,แบรนด์แชมเปญ,High,Brand spotlight
ไวน์มีฟอง: ประเภท ความต่างและวิธีเลือก | Sparkling Wine Guide: Types Classifications and Selection,Blog,sparkling wine,"sparkling wine types, wine bubbles, carbonated wine, wine effervescence",Informational,Explorer,Education,Seasonal (Holidays),High,ไวน์มีฟอง,Medium,Educational content
การจับคู่ทำความเข้าใจ: ไวน์กับหน้าต่าง | Food Pairing Science: Why Wine and Food Work Together,Blog,food pairing science,"wine pairing rules, food pairing chemistry, wine food combinations, pairing guide",Informational,Enthusiast,Education,Evergreen,Medium,วิทยาศาสตร์การผสม,Medium,Educational content
ไวน์เก่า: วิธีสนใจการบันทึก | Aging Wine: Which Bottles Improve With Time,Blog,wine aging,"wine aging, how long to age wine, cellar worthy wine, investment wine",Informational,Collector,Education,Evergreen,High,การเก็บรักษาไวน์,High,Collector guide
ไวน์บริหาร: ประกาศความสำคัญ Ratings | Wine Ratings Demystified: Scores vs Opinions,Blog,wine ratings,"wine scores, wine reviews, wine rating system, wine criticism",Informational,Enthusiast,Education,Evergreen,Medium,การให้คะแนนไวน์,Medium,Educational content
กำลังปลูกไวน์: ไวน์ตั้งแต่เนิ่นเหมือนเป็นอย่างไร | Wine Futures: How to Buy Wine Before It's Released,Blog,wine futures,"wine futures, en primeur, barrel samples, wine pre-order",Commercial,Collector,Tips,Seasonal (Fall),Medium,ไวน์ล่วงหน้า,Low,Collector guide
ไวน์คลับ: คุ้มค่าหรือไม่ | Wine Clubs: Are They Worth Your Money,Blog,wine club,"wine club subscription, wine of the month club, wine membership",Commercial,Enthusiast,Tips,Evergreen,Medium,ไวน์คลับ,Low,Shopping guide
ระเหยไวน์: ทำไมมันเกิดขึ้นเช่นไร | Wine Oxidation: Why Bottles Sometimes Go Bad,Blog,wine oxidation,"oxidized wine, wine spoilage, corked wine, wine defects",Informational,Enthusiast,Tips,Evergreen,Low,ไวน์ออกซิเดชัน,Low,Technical guide
Sommelier ทีม: ทำไมพวกเขาคิด | Wine Sommeliers: Who They Are and Why You Need One,Blog,sommelier,"wine expert, sommelier certification, wine consultant, wine advisor",Informational,Enthusiast,Tips,Evergreen,Medium,sommelier,Medium,Professional guide
ไวน์แสดงสินค้า: วิธีการบ้าน | Wine Tasting Event: How to Host One at Home,Blog,wine tasting party,"host wine tasting, wine party, wine event, wine gathering",Commercial,Enthusiast,Tips,Seasonal (Holidays),Medium,งานชิมไวน์,Medium,Entertainment guide
ป้ายราคาไวน์: สิ่งที่คุณต้องรู้ | Wine Pricing: Why Some Bottles Cost More Than Others,Blog,wine prices,"wine price, expensive wine, wine value, wine cost",Informational,Enthusiast,Education,Evergreen,Medium,ราคาไวน์,Medium,Educational content
ไวน์และสุขภาพ: ข้อเท็จจริงเบื้องหลังข่าวหลัก | Wine and Health: Separating Facts from Headlines,Blog,wine health,"wine health benefits, resveratrol, wine and heart health, wine nutrition",Informational,Explorer,Education,Evergreen,High,ไวน์และสุขภาพ,High,Health content
กลับไปที่ไวน์: ไม่มีการกล้ำก้อน | Wine Cellar Design: Creating Your Perfect Wine Storage,Blog,wine storage design,"wine cellar, wine fridge, wine storage, wine cabinet design",Commercial,Collector,Tips,Evergreen,Medium,การออกแบบห้องเก็บไวน์,Low,Collector content
ไวน์บริจาค: บริจาคไวน์เก่า | Wine Donation: Where to Give Your Old Bottles,Blog,wine donation,"donate wine, wine charity, wine recycling, wine disposal",Informational,Collector,Tips,Evergreen,Low,บริจาคไวน์,Low,Niche guide
ไวน์กล่อง: ไม่ดีเสมอไป | Boxed Wine: Dispelling the Myth It's Always Cheap,Blog,boxed wine,"box wine, wine in a box, affordable wine, budget wine",Commercial,Explorer,Tips,Evergreen,Medium,ไวน์กล่อง,Low,Budget guide
ไวน์สุดท้าย: ไขขวดอย่างถูกต้อง | Opening Wine: The Correct Way With and Without a Corkscrew,Blog,how to open wine,"open wine bottle, corkscrew alternatives, wine opener, cork removal",Informational,Explorer,Tips,Evergreen,Low,การเปิดไวน์,Low,Practical guide
ไวน์ Bulk: ซื้อมากแพงน้อย | Bulk Wine: Buying Smart for Regular Drinkers,Blog,bulk wine purchase,"wholesale wine, wine bulk buying, discount wine, wine in bulk",Commercial,Explorer,Tips,Evergreen,Low,ซื้อไวน์จำนวนมาก,Low,Shopping guide
ไวน์ชุมชน: บทบาทของการรักษาท้องถิ่น | Wine Community: The Local Producers and Collectors,Blog,local wine community,"local wine makers, small batch wine, artisan wine, local vineyards",Commercial,Enthusiast,Spotlights,Evergreen,Medium,ชุมชนไวน์,Medium,Community content
ไวน์ที่ยั่งยืน: ไปเย่อไปบน | Sustainable Wine: Does It Actually Matter,Blog,sustainable wine,"organic wine, biodynamic wine, sustainable vineyard, eco-friendly wine",Informational,Enthusiast,Spotlights,Evergreen,High,ไวน์ที่ยั่งยืน,High,Sustainability content
ไวน์กำลังเสีย: วิธีการบันทึก | Wine Gone Bad: How to Tell Before You Drink,Blog,spoiled wine,"bad wine, wine defects, corked wine, undrinkable wine, wine damage",Informational,Explorer,Tips,Evergreen,Medium,ไวน์ที่เสีย,Low,Practical guide
ไวน์นับตามปี: ตัวเลขทำให้ความแตกต่าง | Wine Vintage Chart: Which Years to Buy and Avoid,Blog,wine vintage chart,"vintage year guide, best wine years, wine quality by year, vintage ratings",Informational,Enthusiast,Education,Evergreen,High,แผนที่ปีวินเทจ,Medium,Reference guide
ไวน์บิดเบือน: ไม่ใช่สำหรับสุ่มตัวอย่างทั้งหมด | Fortified Wine: Beyond Port and Sherry,Blog,fortified wine,"fortified wine, port wine, sherry wine, dessert wine, sweet wine",Informational,Enthusiast,Education,Evergreen,Medium,ไวน์เสริมแรง,Low,Educational content
ไวน์เหล้าที่มีผลต่อและการรูปแบบ: แนวคิด | Wine Alcohol Content: What You Need to Know,Blog,wine alcohol content,"alcohol percentage in wine, ABV wine, wine strength, alcohol level",Informational,Explorer,Education,Evergreen,Medium,ปริมาณแอลกอฮอล์,Low,Educational content
ไวน์มีส่วนร่วมด้วย: ข้อมูลที่คุณต้องรู้ | Wine Allergens: What You Need to Know Before You Buy,Blog,wine allergens,"wine allergies, sulfites in wine, wine allergens, wine intolerances",Informational,Explorer,Tips,Evergreen,Medium,สารก่อภูมิแพ้ในไวน์,Low,Health guide
สลัด vs ไวน์แดง: ใหญ่ไปมหาศาล | Sulfites in Wine: What They Are and Why They Matter,Blog,sulfites wine,"sulfites wine, preservatives in wine, wine additives, natural wine",Informational,Enthusiast,Education,Evergreen,Medium,ซัลไฟต์ในไวน์,Low,Educational content
ไวน์ เสียหาย: ข้อเท็จจริงเบื้องหลังสิ่งที่คุณ | Wine Cork vs Screw Cap: Which Is Better,Blog,wine closures,"cork vs screw cap, wine closure types, cork quality, wine sealing",Informational,Explorer,Education,Evergreen,Low,ไวน์ปิดกั้น,Low,Educational content
ไวน์ที่มีราคา: ส่วนหนึ่งของการเลือกสินค้า | Premium Wine Pricing: What Justifies the Price Tag,Blog,expensive wine,"luxury wine, premium wine, high price wine, wine investment",Informational,Collector,Education,Evergreen,Medium,ไวน์ราคาแพง,Low,Luxury content
Wine มีอีกต่อไป: ผู้ผลิตไวน์สตราร์ใจใจ | Woman Winemakers: Female Producers Changing the Industry,Blog,female winemakers,"woman sommelier, women in wine, female wine producer, female winemakers",Informational,Enthusiast,Spotlights,Evergreen,Medium,นักผลิตไวน์หญิง,Medium,Diversity content
ไวน์เสแสร้งสำหรับราคา: วิธี | Wine Recommendations Under 500 Baht: Quality on a Budget,Blog,affordable wine,"cheap wine, budget wine, wine under 500 baht, affordable quality wine",Commercial,Explorer,Tips,Evergreen,High,ไวน์ราคาถูกคุณภาพดี,High,Budget guide
ไวน์ Recommendation Under 1000 Baht: Premium Doesn't Mean Expensive,Blog,mid-range wine,"wine 500-1000 baht, quality affordable wine, mid-range wine Thailand",Commercial,Enthusiast,Tips,Evergreen,High,ไวน์กลางราคา,High,Shopping guide
ไวน์ส่วนสูง: ข้อมูลการรับประทานอาหาร | Luxury Wine Recommendations: For Collectors and Special Occasions,Blog,luxury wine,"expensive wine, collector wine, wine gift, prestige wine",Commercial,Collector,Tips,Seasonal (Holidays),Medium,ไวน์หรูหรา,High,Luxury guide
Wine Gifting: เพื่อให้ของขวัญสำหรับ Wine Lovers,Blog,wine gift,"wine gift ideas, wine gift set, gift wine, wine gift guide",Commercial,Explorer,Tips,Seasonal (Holidays),High,เลือกของขวัญไวน์,High,Holiday guide
ไวน์เก่าแกและ? | Organic Wine: What It Really Means and If It Matters,Blog,organic wine,"organic wine, biodynamic wine, certified organic, natural wine",Informational,Enthusiast,Education,Evergreen,High,ไวน์อินทรีย์,High,Educational content
ไวน์เสริมแรงสำหรับ? | Dessert Wine: Not Just for After Dinner Anymore,Blog,dessert wine,"sweet wine, dessert wine, ice wine, late harvest wine, wine pairing",Commercial,Explorer,Pairing,Seasonal (Holidays),Medium,ไวน์หวาน,Medium,Pairing guide
ไวน์ที่บันทึก: การจากใจ | Wine Subscriptions: Is Recurring Delivery Worth It,Blog,wine subscription,"wine subscription box, monthly wine club, wine delivery subscription",Commercial,Explorer,Tips,Evergreen,Medium,สมัครสมาชิกไวน์,Low,Shopping guide
ไวน์วินเทจ: อย่างไรก็ตาม | Vintage Wine Investment: Can Wine Be a Financial Asset,Blog,wine investment,"wine as investment, collectible wine, wine portfolio, wine appreciation",Informational,Collector,Tips,Evergreen,High,ไวน์เป็นการลงทุน,High,Investment guide
ไวน์ชุมชน Bangkok: ท้องถิ่น | Bangkok Wine Community: Where Collectors Meet,Blog,wine community Bangkok,"wine enthusiasts Bangkok, wine events Bangkok, wine society Thailand",Commercial,Enthusiast,Travel,Evergreen,Medium,ชุมชนไวน์กรุงเทพ,High,Community guide