page_path,page_title,views,users,bounce_rate,device_category,traffic_source
/rose-wine-myths,Rosé Wine Myths Debunked,1250,890,32.5,mobile,organic
/cabernet-aging-guide,How to Age Cabernet Properly,980,650,28.3,desktop,organic
/liq9-spirit-trends-2024,LIQ9 Spirit Trends 2024,875,520,35.1,mobile,referral
/wine-now-summer-whites,Best Summer White Wines,750,480,30.2,desktop,direct
/beer-vs-wine-health,Beer vs Wine: Health Benefits,680,420,42.5,mobile,organic
/tequila-cocktail-recipes,Easy Tequila Cocktail Recipes,650,380,38.9,desktop,organic
/wine-pairing-seafood,Perfect Wine Pairings for Seafood,620,390,25.6,mobile,direct
/natural-wine-guide,Beginner's Guide to Natural Wine,590,340,45.2,desktop,organic
/whiskey-tasting-notes,Reading Whiskey Tasting Notes,520,310,33.4,mobile,organic
/sparkling-wine-regions,Best Sparkling Wine Regions,480,290,29.8,desktop,referral
/vodka-selection-tips,How to Choose Quality Vodka,450,270,40.5,mobile,direct
/wine-storage-tips,Proper Wine Storage at Home,420,250,26.3,desktop,organic
/gin-botanical-flavors,Understanding Gin Botanicals,380,220,37.1,mobile,organic
/champagne-vs-prosecco,Champagne vs Prosecco Explained,350,210,31.2,desktop,referral
/rum-history-production,Rum Production History,320,180,44.8,mobile,organic